fragment,bytes,sha256
scripts/analysis/fragments/02_internal_comparison_E2A_release__part01.py,5763,2e957d0ff0f2d378156394767de82c33ad8180c6fcab1e73d704e0f652829ef7
scripts/analysis/fragments/02_internal_comparison_E2A_release__part02.py,4753,8a8dcf57b512067bcfec7ab85aa06537530bbed7ac9cf2cebd7be726e36a6e14
scripts/analysis/fragments/02_internal_comparison_E2A_release__part03.py,6174,a48324b9a730a3de9f7980307267d49951eea1b5007e61e65f203d58f5ecf5f9
scripts/analysis/fragments/02_internal_comparison_E2A_release__part04.py,5716,446cf27631ca659b2fb2670ff53b58db7f851d7d81e522fe69503050b633f4c5
scripts/analysis/fragments/02_internal_comparison_E2A_release__part05.py,5873,902a9961f25ed93b6e19b835c18db88577c9a0b634a4fcafc88cf09b720be1fb
scripts/analysis/fragments/02_internal_comparison_E2A_release__part06.py,6243,0de73ed83d45093c0f719cf67d79cf6f1558a4709b617a4fddd9b893f1faf6aa
scripts/analysis/fragments/02_internal_comparison_E2A_release__part07.py,6288,25261e3ad360ca52e476961819e87f60357b369771e776545dee120bdda65bf9
scripts/analysis/fragments/03_final_paired_inference_release__part01.py,4626,339ebb5992b4b6c3616161ca3cf898e169b41e7d22b12222bf458fb69fe3bc6b
scripts/analysis/fragments/03_final_paired_inference_release__part02.py,6477,ac34692b46542d1164c41de50c76c32793c2385959fef1dc358d7c1cb1036d42
scripts/analysis/fragments/03_final_paired_inference_release__part03.py,6367,a566dfcd37db4baad8aee657e7940a24c55d28cb9e4b9d2f9966c337c1c55cd4
scripts/analysis/fragments/03_final_paired_inference_release__part04.py,6462,4129d5e9d2697214dc979ac1b21cf58f15ad43b3f26c32b6796744a501cc9985
scripts/analysis/fragments/03_final_paired_inference_release__part05.py,5758,9c7f7695babcd4b26ae263dac7b5c70efa920dbe9c6f10759cec54474f833f48
scripts/analysis/fragments/03_final_paired_inference_release__part06.py,1700,6c117afbcec6a24fa7b5d9bc08160d70f274e1ea5a4d9347411917aa237ffced
