model_key,architecture,seed,checkpoint_sha256,selection_criterion
mobilenetv3_large,MobileNetV3-Large,17,0034a20e560514f1c22e27eefe3130dc9b90d2151483e7fedbfed44be6adf018,SHA verificado
mobilenetv3_large,MobileNetV3-Large,42,57a49c95a3527e469242c8f63fa3a562d545787389338329d40be7a7c852a790,SHA verificado
mobilenetv3_large,MobileNetV3-Large,73,c8bcaa7bd9b7c77f19bbb6f51226de009d5e6283c1987c43b62da8effb7df205,SHA verificado
resnet50,ResNet50,17,49f06d45007d7b5465f5c5f9feb0858b5d0f33dc554edd39b46733cc77760ad1,SHA verificado
resnet50,ResNet50,42,3c210ac6190667a59589a3d6df0426b35e42b60c58f4369f71dba395eb12a807,SHA verificado
resnet50,ResNet50,73,951ada1bc004c646d42c630558130c17d7f9e08be538de4b29f5516da4b2573b,SHA verificado
efficientnet_b0,EfficientNet-B0,17,612953dc1f9eee000169c04ed6855b730503a39c49e0e11facba037416e2c516,SHA verificado
efficientnet_b0,EfficientNet-B0,42,2823e4f7e70c9beba3f671232e5600caeabc00e82762d9bf14ab3bfd005c3687,SHA verificado
efficientnet_b0,EfficientNet-B0,73,4d8a88d7b6859d8c74ef6d8f90ffdf6ca444d2829e2b022ba11b53a625c23671,SHA verificado
mobilevit_s,MobileViT-S,17,c1c4a0829665d4485d319ecd84d314210269b3d1ca99c2fc037fff9190c08b75,SHA verificado
mobilevit_s,MobileViT-S,42,5b3a3f076a1a78e21823679d36cf283dacf124b52e7b2b107a84213419fe0894,SHA verificado
mobilevit_s,MobileViT-S,73,269180bda1ce1c1507caf70dfce028462f4ab340a0d2b345519ebdf173b3b90d,SHA verificado
vit_base_patch16_224,ViT-Base/16,17,97d49a362cd3a7e25fa95a4d59dae6bea47817257813263a9a3bdf6757fa8b19,SHA verificado
vit_base_patch16_224,ViT-Base/16,42,ee2208d0d48819f375e67415bddb17477347cc9bea2af3e0df7b1bbdf5281e3d,SHA verificado
vit_base_patch16_224,ViT-Base/16,73,a93ee0d73bf79963ed3a363838253b31a08071bd5a8d0cb3d80d96d4cb85c049,SHA verificado
swin_tiny_patch4_window7_224,Swin-Tiny,17,b32de557ce9e9420cbcf4754cf325c204ea2b08633e68bf391de283300d310fb,SHA verificado
swin_tiny_patch4_window7_224,Swin-Tiny,42,60abccfb5297e9e655c7d426202b446537c709c7ef2fc15e79031dd939247c19,SHA verificado
swin_tiny_patch4_window7_224,Swin-Tiny,73,2ebbb2df361586b926fe4c1c32ea101a5c97be085f7457305e61e8712cb5a8bf,SHA verificado
