run_id,direction,family,architecture,model_key,seed,gpu_name,gpu_total_memory_gib,pytorch_version,timm_version,run_config_sha256,train_n,val_n,internal_test_n,external_component_n,balanced_binary_n,best_epoch,best_val_macro_f1,reproduced_val_macro_f1,internal_test_macro_f1,internal_test_mcc,internal_test_ece,external_rust_top1_recall,external_rust_probability_mean,binary_balanced_accuracy,binary_mcc,binary_roc_auc,binary_pr_auc,binary_ece,num_parameters,checkpoint_sha256,internal_predictions_sha256,external_component_predictions_sha256,binary_predictions_sha256,completed_utc
E2_A_mobilenetv3_large_seed_17,E2_A,CNN,MobileNetV3-Large,mobilenetv3_large,17,NVIDIA L4,22.0343,2.11.0+cu128,1.0.15,a5631f39c716dbf0f6b9110da05c73c584a57e71c8789932c546dea285361613,8043,1729,1719,1922,3116,21,0.9673517480844248,0.9673517480844248,0.9553225058379152,0.9616253308241548,0.1684207125291441,0.2081165452653486,0.1737300905681129,0.6023748395378691,0.3367807507593033,0.9792297323351586,0.982102407962573,0.3753665822095689,4213561,0034a20e560514f1c22e27eefe3130dc9b90d2151483e7fedbfed44be6adf018,35851a747b17184b22e6c4f73c23bcc834f432371c13b9edde532085a907dcfc,65ae5d36ce0a0b788c198f1365c45dd627150e0b61a4e9ba110137e939bafca4,6d9993f7b707d93af270ab29181ed2fa4ac194bfda782cb9c2db1f3de001d25c,2026-07-29T17:10:52.879599+00:00
E2_A_mobilenetv3_large_seed_42,E2_A,CNN,MobileNetV3-Large,mobilenetv3_large,42,NVIDIA L4,22.0343,2.11.0+cu128,1.0.15,37ae001bcdeab07e82b7758af20b1e45f86ed40a57908efe54bac8239e23c746,8043,1729,1719,1922,3116,20,0.9623674029930612,0.9623674029930612,0.9575770202666536,0.9644116271926818,0.1768726455562957,0.4791883454734651,0.334280384240622,0.7387676508344031,0.5595376941674415,0.987015132464682,0.9892971129165614,0.2330581308029249,4213561,57a49c95a3527e469242c8f63fa3a562d545787389338329d40be7a7c852a790,657c468b2bc3494c8651e33e868dbcad394f1d5d7631062b4da3cc061d02b5d5,59c3004cc8ec224ba2a6e82375b66edda15c44b46d06f18c4fd29992a9ff1791,e25c9a6996fcd588104b4b171942aa540dfd8b6a29171a294820ade957267b96,2026-07-29T17:38:37.557580+00:00
E2_A_mobilenetv3_large_seed_73,E2_A,CNN,MobileNetV3-Large,mobilenetv3_large,73,NVIDIA L4,22.0343,2.11.0+cu128,1.0.15,0233df1d701a41e3eabb068daf6feadd0feb618e7ffb2fcef64b0eeebf142733,8043,1729,1719,1922,3116,20,0.9636024134860668,0.9636024134860668,0.956797466236903,0.964418619342656,0.1741856670828721,0.6873048907388137,0.5015441707557051,0.8469191270860077,0.7285221763666574,0.9942311907072856,0.9956213607029598,0.0918768734603949,4213561,c8bcaa7bd9b7c77f19bbb6f51226de009d5e6283c1987c43b62da8effb7df205,f4187ff5bebb065884fdc58491298c8b4f2deeea66096dbffe677496b887c50f,ce3fb6a2cb9b806a97f3bd86cc6ec0ef808d9ebe5bfc1a55c9c1e8bbc70858b3,7fe43f18075c7d550f392836f7161757bb233afaf23e4406fef4d50468ba18a3,2026-07-29T17:53:43.276553+00:00
E2_A_resnet50_seed_17,E2_A,CNN,ResNet50,resnet50,17,NVIDIA L4,22.0343,2.11.0+cu128,1.0.15,f8fd2ed7b8f161e6bad34d3d92dc739d178d5bd3c369ed44169f66c2e05353ec,8043,1729,1719,1922,3116,29,0.9632363793152492,0.9632363793152492,0.9606233030251854,0.9671686528023556,0.1715069329525494,0.0915712799167533,0.1035168073294549,0.5471758664955071,0.2225120672550121,0.9797731201418493,0.9823121028000502,0.4271360237429891,23526473,49f06d45007d7b5465f5c5f9feb0858b5d0f33dc554edd39b46733cc77760ad1,74e09377b80b62bc3adfb2a9d5a596966f87b991e43ff881cb4862474be4e7f3,c78c2866dc3f2065d04fa7ed13dd77a40c663c56924937be7d23d801dc7cdf11,74336ccba13a4c1318c7b6316653db1f2d0ba7185e43f3dd6849d80e7b601b4e,2026-07-29T18:04:36.134455+00:00
E2_A_resnet50_seed_42,E2_A,CNN,ResNet50,resnet50,42,NVIDIA L4,22.0343,2.11.0+cu128,1.0.15,b6667a8fd840711ba5d3dbc0c23acae84b83c556de8ac305dd3c5b3f0a2ceb6c,8043,1729,1719,1922,3116,13,0.9560453546960344,0.9560453546960344,0.9521681698357471,0.96022364895944,0.1743513955165639,0.0348595213319458,0.0624665013036164,0.517971758664955,0.1352799083189046,0.9328069461358084,0.944564333407662,0.4569153712222964,23526473,3c210ac6190667a59589a3d6df0426b35e42b60c58f4369f71dba395eb12a807,abc8f34304a2c2e9de618f4e477cc2694afa4372db61f05277aaef5b41a99231,f20151aade4129584cc0c68854534537ba54bf562c1235aad6de16fdcaaf4e7e,3b9318008df5ae4521890466f645941071aab97503cf5b22b7ed919484d525ac,2026-07-30T01:07:44.860280+00:00
E2_A_resnet50_seed_73,E2_A,CNN,ResNet50,resnet50,73,NVIDIA L4,22.0343,2.11.0+cu128,1.0.15,16b9db300c00c4d2e18771b6e957d34748061a367a400921ea62bdfcdfbd782e,8043,1729,1719,1922,3116,32,0.9627612500773236,0.9627612500773236,0.962618313066747,0.9686346842105716,0.1781122340794646,0.068678459937565,0.085189100688199,0.5349807445442876,0.1903910525993198,0.9630941218539948,0.9673508117147164,0.4400580271373056,23526473,951ada1bc004c646d42c630558130c17d7f9e08be538de4b29f5516da4b2573b,eab7228e737c2833f61441166df27a6a4af8e3fc307df627efe16b606c557689,8fcf532cfee82693c495b0bc202a0cb036c3af43ee102b42bfb3909d2aa40ac9,1351cd8e980ab2c4ff8986c0c78373aeab8c07944a4c615cef6ed95cd97601ff,2026-07-30T01:24:22.511970+00:00
E2_A_efficientnet_b0_seed_17,E2_A,CNN,EfficientNet-B0,efficientnet_b0,17,NVIDIA L4,22.0343,2.11.0+cu128,1.0.15,36a35ae045c5afbca47fc870e3567e9d9d52e35cccdca72da19d7119ba54f819,8043,1729,1719,1922,3116,14,0.9679797520869704,0.9679797520869704,0.959405478890673,0.9636980966271784,0.1738211479069079,0.3283038501560874,0.2461282551703575,0.6636713735558408,0.4423824427270529,0.9886176939264156,0.9918493937843276,0.3133895527681056,4019077,612953dc1f9eee000169c04ed6855b730503a39c49e0e11facba037416e2c516,26f20700cb4252e8cc23b6ae933103d15f42675d3de6e76ccb2d48380ce42905,f193600bc660c71b6590a19fbb71896e04e3b7e00c972f89c939bf99cb5fc808,0564685f8122411683b4c579648491e5a1d4c0ad36d49f54388850405eb82156,2026-07-30T01:59:59.600595+00:00
E2_A_efficientnet_b0_seed_42,E2_A,CNN,EfficientNet-B0,efficientnet_b0,42,NVIDIA L4,22.0343,2.11.0+cu128,1.0.15,d1a457d5529f6f391e8e97a95dfab9c3b925101e5d421c009e5a2cb341ff2cb3,8043,1729,1719,1922,3116,17,0.9645892168362058,0.9645892168362058,0.9578381787564352,0.9658527895908876,0.175084959624144,0.8829344432882414,0.7183146290698302,0.9435173299101411,0.8927492108103694,0.9975434257078872,0.9980737725244628,0.0412649993143015,4019077,2823e4f7e70c9beba3f671232e5600caeabc00e82762d9bf14ab3bfd005c3687,50bc83926409ae4afd354bda0206860bdb33dc29392b278a7b14931a950c50dc,3ddb78f79d0d32ea21354ffdfb84d088f0a92b9fc411b9f9db8ea94fd58d1483,068f0831ff32db989ca681e89688d5aab383874da37b1ea76aba2176ba9ea5c3,2026-07-30T02:12:52.023780+00:00
E2_A_efficientnet_b0_seed_73,E2_A,CNN,EfficientNet-B0,efficientnet_b0,73,NVIDIA L4,22.0343,2.11.0+cu128,1.0.15,762da732717e621434a2259a7ada9643b9f712216809a7b697b4f2dc7007eb3c,8043,1729,1719,1922,3116,20,0.960823115819498,0.960823115819498,0.9630930382079472,0.967878209478198,0.1763357266619253,0.8002081165452654,0.6100053411859242,0.9008344030808728,0.8179166710437505,0.9921581600452178,0.994178752285622,0.0352348693371016,4019077,4d8a88d7b6859d8c74ef6d8f90ffdf6ca444d2829e2b022ba11b53a625c23671,f977949211813831a7314c20bbeca5889094d2402470fdcd0c16a89a90f59e5c,0452daf752b045c775cfbeb1e000f677cb831dae207c23a47e47e80b31b4f78f,e14c957f0fd197ac78565b0ead9812c6e1e2e772ae18c9ce0e26df2e99ad447d,2026-07-30T02:22:06.913691+00:00
E2_A_mobilevit_s_seed_17,E2_A,Attention/Hybrid,MobileViT-S,mobilevit_s,17,NVIDIA L4,22.0343,2.11.0+cu128,1.0.15,310296f52b92c9d5164c8f809c7291745aa345411679aeec7a80f9dfcf99d32b,8043,1729,1719,1922,3116,21,0.9560703060124304,0.9560703060124304,0.9614874619908034,0.965771096188474,0.1637123062869692,0.7653485952133194,0.6589596380640323,0.8876765083440308,0.7956906997869607,0.9866439479204604,0.990705607185378,0.05165173969789,4943401,c1c4a0829665d4485d319ecd84d314210269b3d1ca99c2fc037fff9190c08b75,49c4c81f5fc3ee643be002e1c5387e4ba4eb38a95ed9656e7588ea73be38be6f,63fa6ad88a7c6e4c51c493111f54610b981acc58eccc92a90cc912fdf39e2ddb,b605db44168f2bcb8f51c1e5b42db1405eb8f5fa8e76ef897fddbb66f5ebc0ae,2026-07-30T02:33:01.596972+00:00
E2_A_mobilevit_s_seed_42,E2_A,Attention/Hybrid,MobileViT-S,mobilevit_s,42,NVIDIA L4,22.0343,2.11.0+cu128,1.0.15,26e73abe63a5449d0d9be6f8100884b1edd54f1c963e0bec17a2fb4588ed9ea7,8043,1729,1719,1922,3116,12,0.9565028049360672,0.9565028049360672,0.9568620729392672,0.96304922328159,0.1691259456726886,0.1727367325702393,0.14807976657115,0.5850449293966624,0.302814035094701,0.9568742059287358,0.9606391858330467,0.3885471474509509,4943401,5b3a3f076a1a78e21823679d36cf283dacf124b52e7b2b107a84213419fe0894,2251630af891495b2143bba6079d00018da65f7ec5b4620d8b73efa10e172133,de33bc07b68d49434400add15ae9ede0e7afd10d720f8068660118098821e532,b4521f7a43426d12f14c0dad9391134fe76e67526d0a0ed644c1977270f6f20b,2026-07-30T02:41:33.073626+00:00
E2_A_mobilevit_s_seed_73,E2_A,Attention/Hybrid,MobileViT-S,mobilevit_s,73,NVIDIA L4,22.0343,2.11.0+cu128,1.0.15,030a903ee85779b80f4e2b0ef439f9a46ff66ea93ebbada905b9eecc00869117,8043,1729,1719,1922,3116,25,0.9581549282133756,0.9581549282133756,0.9615282289610122,0.9658692019031502,0.1676609033617555,0.2133194588969823,0.1941580520969991,0.6062259306803595,0.3447477156308292,0.7324711085770408,0.8112531560685531,0.355222993200896,4943401,269180bda1ce1c1507caf70dfce028462f4ab340a0d2b345519ebdf173b3b90d,b3131b6d383bcd361dabb938994cfb8c0000bb31fa0962f18527e857bb0018ec,65caed4109aa7f534a267fa9895714b0c002040be1f047101f67cd5b0486c082,d02c46f78adebf101c25238be847490ff5b27191d147f97cb4ec264c78c60f21,2026-07-30T02:51:31.964975+00:00
E2_A_vit_base_patch16_224_seed_17,E2_A,Attention/Transformer,ViT-Base/16,vit_base_patch16_224,17,NVIDIA L4,22.0343,2.11.0+cu128,1.0.15,8a1a5d8ece70383ae5ab5387549da39ef2370c644e4b4cd2bc18aad3301d7254,8043,1729,1719,1922,3116,37,0.9655001629373507,0.9655001629373507,0.9595071031511588,0.9664914851611142,0.168955431921625,0.8168574401664932,0.6872050920280018,0.90596919127086,0.8266887991321044,0.978978018953894,0.9841853817387284,0.0768815109967962,85805577,97d49a362cd3a7e25fa95a4d59dae6bea47817257813263a9a3bdf6757fa8b19,eac9325294d070f58f9ac34c7392f605c7deafc999358099273d57036a1ea11b,c38a94c491a47326633fdd31c24264dbb86309954e72ecbbcf20344293d4278a,0bbfc40d70b9922157bcda51410f98537a6ee258ecaac2cf38f908137252492a,2026-07-30T03:11:09.411528+00:00
E2_A_vit_base_patch16_224_seed_42,E2_A,Attention/Transformer,ViT-Base/16,vit_base_patch16_224,42,NVIDIA L4,22.0343,2.11.0+cu128,1.0.15,d2430db625de65c31ee3fba8a3114e2480af672fcb92b01b7039706c2cd2ba80,8043,1729,1719,1922,3116,26,0.9623012313498852,0.9623012313498852,0.9571183557771464,0.9629759567491076,0.1719028569367053,0.7388137356919875,0.6080844652804721,0.87002567394095,0.7663982490246164,0.964726345121704,0.9755714565403304,0.0965822318282598,85805577,ee2208d0d48819f375e67415bddb17477347cc9bea2af3e0df7b1bbdf5281e3d,166e33f95f6c77f7448f7024fce0a87dea7001b5b816ef1980231747155a47b4,289018e00818f16201835eb637fe285299e76fe95702e22d10f943f0d1eb2056,a28bc69a4821fc78b7385c791eec2d8e4e3cfc61fb326b01e6581e5893dda799,2026-07-30T03:20:47.774968+00:00
E2_A_vit_base_patch16_224_seed_73,E2_A,Attention/Transformer,ViT-Base/16,vit_base_patch16_224,73,NVIDIA L4,22.0343,2.11.0+cu128,1.0.15,9338ecef73a4f4d18c713cdda29ff993ef13d7d7ad8eaf9764b9604f0dd18dba,8043,1729,1719,1922,3116,30,0.9518738676539223,0.9518738676539223,0.951018952475454,0.9573805925936524,0.1719427150155563,0.9302809573361084,0.7328956057544548,0.962772785622593,0.9280332299476258,0.9979442720580844,0.9969104300256526,0.0757808642388749,85805577,a93ee0d73bf79963ed3a363838253b31a08071bd5a8d0cb3d80d96d4cb85c049,ed774125c449384739d00f3a3f0bc1d6248545645fffdf3bd068a5f132b94f58,2e9cb2314fb4263c10fe8381eea09bcbf02fd3db2b9ae10a02bc80bae3b18d47,fafdb95fe7da8d63fc6d23a5e9b679d9c99d47deac8b5d60cea7d0484bb43702,2026-07-30T03:29:04.361213+00:00
E2_A_swin_tiny_patch4_window7_224_seed_17,E2_A,Attention/Transformer,Swin-Tiny,swin_tiny_patch4_window7_224,17,NVIDIA L4,22.0343,2.11.0+cu128,1.0.15,33297f44a563805aee984379137feb22d7908a5a8319312d8e4f0a244bf3263a,8043,1729,1719,1922,3116,40,0.9601989978860764,0.9601989978860764,0.9591245045646932,0.9658017459696564,0.1639585675916617,0.2476586888657648,0.2246766453810129,0.6274069319640565,0.3821119761785742,0.952913530891947,0.9625977589848748,0.333100842733269,27526275,b32de557ce9e9420cbcf4754cf325c204ea2b08633e68bf391de283300d310fb,b237c33721936b701fc2086b3161777621bf1e34de6cc0bfbc27a13387850d41,20d383e3d6b144c76fdf8260335a87ccc3af879eaaa4c302e9acd853ce60ec0d,a499d4a7fecfe2b2214bcadb95a58421224d59720844b47b7c47ef3c51ffc194,2026-07-30T03:39:55.229259+00:00
E2_A_swin_tiny_patch4_window7_224_seed_42,E2_A,Attention/Transformer,Swin-Tiny,swin_tiny_patch4_window7_224,42,NVIDIA L4,22.0343,2.11.0+cu128,1.0.15,0a7e757ca89edc8d43372accfa03b1ee4c5e8874e2229b728858997a1eac6251,8043,1729,1719,1922,3116,12,0.94625056405216,0.94625056405216,0.9394797425619332,0.9476953559032424,0.1602608170353797,0.4349635796045785,0.3289583374004421,0.72400513478819,0.5367325548009547,0.956545866215368,0.9670263577581129,0.2405063941304359,27526275,60abccfb5297e9e655c7d426202b446537c709c7ef2fc15e79031dd939247c19,1f3a4792c08f21f09106d71dc785baa6ccaa7d8aa0769bba32ff2cb463f32700,73e95e05e12ef301d94077b32c68d9714d7a6d9398ca6938206636ff49cb5edf,d51e00c4f398013e9f811201f6be6573b1d0ebec2a961659cfa235112972e7d2,2026-07-30T03:48:56.490072+00:00
E2_A_swin_tiny_patch4_window7_224_seed_73,E2_A,Attention/Transformer,Swin-Tiny,swin_tiny_patch4_window7_224,73,NVIDIA L4,22.0343,2.11.0+cu128,1.0.15,716fda0f53bb67e2f4921535f291f6c210188364284356541b94027031dfaf74,8043,1729,1719,1922,3116,37,0.9574606637634463,0.9574606637634463,0.9603028828956529,0.9665252266602535,0.16441070733833232,0.1347554630593132,0.13295673095845237,0.5677150192554558,0.26950582684921653,0.928184648037954,0.9413515167680842,0.4037513598995459,27526275,2ebbb2df361586b926fe4c1c32ea101a5c97be085f7457305e61e8712cb5a8bf,fc85d7267f7126bac1edfcddd54042f490e7471c25f8c9d571ef05dfe3ab418e,10f752518bd2975bd681515b14e11c8a1c417da9a7b0fef658577e54a2fa1b0f,3326b820f32ceafa1832084f212133ad887aa32b661cf3d83887b408f087f755,2026-07-30T03:56:49.873149+00:00
