run_id,architecture,model_key,seed,release_file,release_bytes,release_sha256,rows,columns
E2_A_mobilenetv3_large_seed_17,MobileNetV3-Large,mobilenetv3_large,17,predictions/internal_E2A/mobilenetv3_large_seed17_internal_test_predictions_release.csv,860512,fa0badb0f9e247d8780417f5022aff15b8de8151d8ce8416ee2880c6cf737aa1,1719,24
E2_A_mobilenetv3_large_seed_42,MobileNetV3-Large,mobilenetv3_large,42,predictions/internal_E2A/mobilenetv3_large_seed42_internal_test_predictions_release.csv,860559,32eba1e0efe430bf8fbff2a7e9c921b143db5b7ab3b8ffd667c12220d8b024a0,1719,24
E2_A_mobilenetv3_large_seed_73,MobileNetV3-Large,mobilenetv3_large,73,predictions/internal_E2A/mobilenetv3_large_seed73_internal_test_predictions_release.csv,860600,36864a2cc8762fdc93fa8c71b9b02457a55b96d88063bc3798be08ba50b5ddd4,1719,24
E2_A_resnet50_seed_17,ResNet50,resnet50,17,predictions/internal_E2A/resnet50_seed17_internal_test_predictions_release.csv,860549,75288e3a2a79a5c0b959dba3ad5ec382b3e0ed6cc2312dcdfb1f9e216ac866d3,1719,24
E2_A_resnet50_seed_42,ResNet50,resnet50,42,predictions/internal_E2A/resnet50_seed42_internal_test_predictions_release.csv,860553,256ef93ff18dff9f089bf3c9338319488438b3a049ca0821c80564fd702ace34,1719,24
E2_A_resnet50_seed_73,ResNet50,resnet50,73,predictions/internal_E2A/resnet50_seed73_internal_test_predictions_release.csv,860599,480fa038df4095ba749c94640861a028a139fa8c3ef6c221df6a688a7a9e3faa,1719,24
E2_A_efficientnet_b0_seed_17,EfficientNet-B0,efficientnet_b0,17,predictions/internal_E2A/efficientnet_b0_seed17_internal_test_predictions_release.csv,860628,e9ec8cc4d6392fe55a5cc7b5a159c46e62bde070942d283e26b1024b235e290e,1719,24
E2_A_efficientnet_b0_seed_42,EfficientNet-B0,efficientnet_b0,42,predictions/internal_E2A/efficientnet_b0_seed42_internal_test_predictions_release.csv,860555,0269b44c07d7d54973994847098d22d98f18f48d47d78c7fc0333f99702be383,1719,24
E2_A_efficientnet_b0_seed_73,EfficientNet-B0,efficientnet_b0,73,predictions/internal_E2A/efficientnet_b0_seed73_internal_test_predictions_release.csv,860558,ccf9de2c22e822839d2b9b74e6e520747861e1b3223e76eba4186891916a94b9,1719,24
E2_A_mobilevit_s_seed_17,MobileViT-S,mobilevit_s,17,predictions/internal_E2A/mobilevit_s_seed17_internal_test_predictions_release.csv,860557,9f34431c89cd64509c92b0c875aabcf828598f5db486f00b755a257d06e9ade9,1719,24
E2_A_mobilevit_s_seed_42,MobileViT-S,mobilevit_s,42,predictions/internal_E2A/mobilevit_s_seed42_internal_test_predictions_release.csv,860581,9be115c38f758bf4596dd9c2a5bb32cd7f06b8092f6798f3d44f81ad08c9ed66,1719,24
E2_A_mobilevit_s_seed_73,MobileViT-S,mobilevit_s,73,predictions/internal_E2A/mobilevit_s_seed73_internal_test_predictions_release.csv,860644,1e9b06874f9d2745e1a2d3b65cf81d658d5a89f8df708dffed664b0992c74b51,1719,24
E2_A_vit_base_patch16_224_seed_17,ViT-Base/16,vit_base_patch16_224,17,predictions/internal_E2A/vit_base_patch16_224_seed17_internal_test_predictions_release.csv,860623,c585bb06685e42049beaac1354a540b4fdce67a6746cbe2888d5ea14e92ec051,1719,24
E2_A_vit_base_patch16_224_seed_42,ViT-Base/16,vit_base_patch16_224,42,predictions/internal_E2A/vit_base_patch16_224_seed42_internal_test_predictions_release.csv,860487,91552b815018c07892585cb08f7da0fa152a4ceb1e00c90c61ecf28100834636,1719,24
E2_A_vit_base_patch16_224_seed_73,ViT-Base/16,vit_base_patch16_224,73,predictions/internal_E2A/vit_base_patch16_224_seed73_internal_test_predictions_release.csv,860465,7c752e93490e51e061da577a791b82c3d6d1218838885e9cb61a5f028d193b0c,1719,24
E2_A_swin_tiny_patch4_window7_224_seed_17,Swin-Tiny,swin_tiny_patch4_window7_224,17,predictions/internal_E2A/swin_tiny_patch4_window7_224_seed17_internal_test_predictions_release.csv,860449,9575f3427f527c3e77dcadf8206ebcf989ed5cb29c8e58e5b80f41a98fa9b082,1719,24
E2_A_swin_tiny_patch4_window7_224_seed_42,Swin-Tiny,swin_tiny_patch4_window7_224,42,predictions/internal_E2A/swin_tiny_patch4_window7_224_seed42_internal_test_predictions_release.csv,860488,a9d681764f7b456b113f830a1c1a4f7b71a76e7992b1bc1489dc21c8f0b796bc,1719,24
E2_A_swin_tiny_patch4_window7_224_seed_73,Swin-Tiny,swin_tiny_patch4_window7_224,73,predictions/internal_E2A/swin_tiny_patch4_window7_224_seed73_internal_test_predictions_release.csv,860598,c7dfbb9d101db637af279128c418c4f56430d5a610118a3dfafb058a29f00120,1719,24
