run_id,architecture,model_key,seed,source_file,source_bytes,source_sha256,frozen_registry_source_sha256,source_matches_registry,release_file,release_bytes,release_sha256,rows,columns,transformation
E2_A_efficientnet_b0_seed_17,EfficientNet-B0,efficientnet_b0,17,efficientnet_b0_seed17.csv,1311272,f19f229dcb2b7ed27fbe88327272187a56953d42e03ee9cbe2045a8a4df6ac34,f19f229dcb2b7ed27fbe88327272187a56953d42e03ee9cbe2045a8a4df6ac34,True,predictions/pandian2019/efficientnet_b0_seed17_pandian2019_rust_predictions_release.csv,1013630,d7647d7ee94bc5cf23b81e7b002782693fb7f3633d436fe5ed5c383469942117,1922,24,"Remove absolute local path/resolved_image_path; add logical_path=source_operational/class/filename; preserve IDs, group, label, predictions, confidence, rust probability, and nine class probabilities."
E2_A_efficientnet_b0_seed_42,EfficientNet-B0,efficientnet_b0,42,efficientnet_b0_seed42.csv,1305677,cae67e7b3c626c838866106268138b01e18cb62fe4238802d7c1300c6ddbe0cd,cae67e7b3c626c838866106268138b01e18cb62fe4238802d7c1300c6ddbe0cd,True,predictions/pandian2019/efficientnet_b0_seed42_pandian2019_rust_predictions_release.csv,1008035,956172a75c903fddc736d344e126cd2f7a630cc5f22719bd02c49d316f4392d4,1922,24,"Remove absolute local path/resolved_image_path; add logical_path=source_operational/class/filename; preserve IDs, group, label, predictions, confidence, rust probability, and nine class probabilities."
E2_A_efficientnet_b0_seed_73,EfficientNet-B0,efficientnet_b0,73,efficientnet_b0_seed73.csv,1305943,116f016d1d027af5b06fa5a84ca0efe94e37760853a5ea29c909e2576c477fe4,116f016d1d027af5b06fa5a84ca0efe94e37760853a5ea29c909e2576c477fe4,True,predictions/pandian2019/efficientnet_b0_seed73_pandian2019_rust_predictions_release.csv,1008301,c3b0dda5fac11f5827a53b0ff6131208d065a70542a2ec6ad8e8f9182513f914,1922,24,"Remove absolute local path/resolved_image_path; add logical_path=source_operational/class/filename; preserve IDs, group, label, predictions, confidence, rust probability, and nine class probabilities."
E2_A_mobilenetv3_large_seed_17,MobileNetV3-Large,mobilenetv3_large,17,mobilenetv3_large_seed17.csv,1308782,7e4bebac2819f63e45d0f191902b8cc62d57c7673f19e60ef36e4a1c375933c7,7e4bebac2819f63e45d0f191902b8cc62d57c7673f19e60ef36e4a1c375933c7,True,predictions/pandian2019/mobilenetv3_large_seed17_pandian2019_rust_predictions_release.csv,1011139,eadea1e9f1aeb593dd02825f523b2037687fa0593fd65902ab1a9ec6a769f662,1922,24,"Remove absolute local path/resolved_image_path; add logical_path=source_operational/class/filename; preserve IDs, group, label, predictions, confidence, rust probability, and nine class probabilities."
E2_A_mobilenetv3_large_seed_42,MobileNetV3-Large,mobilenetv3_large,42,mobilenetv3_large_seed42.csv,1307801,75071f188265ea8b7ac3ef811b68c4dfbb3b25c74963ef72a83d4cc9cb57bbad,75071f188265ea8b7ac3ef811b68c4dfbb3b25c74963ef72a83d4cc9cb57bbad,True,predictions/pandian2019/mobilenetv3_large_seed42_pandian2019_rust_predictions_release.csv,1010163,8d83b1d484880ff8589a3bec07057b295171ad3c9cef3245c03b6b781d838e2b,1922,24,"Remove absolute local path/resolved_image_path; add logical_path=source_operational/class/filename; preserve IDs, group, label, predictions, confidence, rust probability, and nine class probabilities."
E2_A_mobilenetv3_large_seed_73,MobileNetV3-Large,mobilenetv3_large,73,mobilenetv3_large_seed73.csv,1305138,bcd36df34631f65ab48a98a37162ce19f21b42211a25bc75003dcc83e165f41a,bcd36df34631f65ab48a98a37162ce19f21b42211a25bc75003dcc83e165f41a,True,predictions/pandian2019/mobilenetv3_large_seed73_pandian2019_rust_predictions_release.csv,1007498,abf315d6b1e0dd70a1637b3401526f458bba17bd4c8626c547aa9133eef2a3fc,1922,24,"Remove absolute local path/resolved_image_path; add logical_path=source_operational/class/filename; preserve IDs, group, label, predictions, confidence, rust probability, and nine class probabilities."
E2_A_mobilevit_s_seed_17,MobileViT-S,mobilevit_s,17,mobilevit_s_seed17.csv,1308278,6eeb172a97433828c17243f65441c0eedbab6f4fa49c2e4a6e3b94f51fb5ae67,6eeb172a97433828c17243f65441c0eedbab6f4fa49c2e4a6e3b94f51fb5ae67,True,predictions/pandian2019/mobilevit_s_seed17_pandian2019_rust_predictions_release.csv,1010636,849989ee2f970d04b88606ee27bfddcba7f47d2ce78bc6b97df110876a48e422,1922,24,"Remove absolute local path/resolved_image_path; add logical_path=source_operational/class/filename; preserve IDs, group, label, predictions, confidence, rust probability, and nine class probabilities."
E2_A_mobilevit_s_seed_42,MobileViT-S,mobilevit_s,42,mobilevit_s_seed42.csv,1309488,edb2e4e386f3ad20ff91c1980f7d1705c50ba9d6a882907f9a2b7d60f6d6bf73,edb2e4e386f3ad20ff91c1980f7d1705c50ba9d6a882907f9a2b7d60f6d6bf73,True,predictions/pandian2019/mobilevit_s_seed42_pandian2019_rust_predictions_release.csv,1011847,d86c97f8888bc202b149b58e2c7912905ace5f51d01b240371db44815ac72196,1922,24,"Remove absolute local path/resolved_image_path; add logical_path=source_operational/class/filename; preserve IDs, group, label, predictions, confidence, rust probability, and nine class probabilities."
E2_A_mobilevit_s_seed_73,MobileViT-S,mobilevit_s,73,mobilevit_s_seed73.csv,1318453,0d5a5e78367e537259caa8d28b1f7c942adf360c71b2a3f8d0209ce2cf6551cb,0d5a5e78367e537259caa8d28b1f7c942adf360c71b2a3f8d0209ce2cf6551cb,True,predictions/pandian2019/mobilevit_s_seed73_pandian2019_rust_predictions_release.csv,1020811,6f894194392b8f7aa18dd310a29f6e0caeb2b7584799c8b688590ad4cc2836bf,1922,24,"Remove absolute local path/resolved_image_path; add logical_path=source_operational/class/filename; preserve IDs, group, label, predictions, confidence, rust probability, and nine class probabilities."
E2_A_resnet50_seed_17,ResNet50,resnet50,17,resnet50_seed17.csv,1308808,2feb448b10cda1ddfb90b5ad3fe36bef96cc64831273c618a19eeb04ddadf32b,2feb448b10cda1ddfb90b5ad3fe36bef96cc64831273c618a19eeb04ddadf32b,True,predictions/pandian2019/resnet50_seed17_pandian2019_rust_predictions_release.csv,1011167,5af324718553ead36be07bb2f3b9e16432dc3849c6cc3b04c5aad88518a8539f,1922,24,"Remove absolute local path/resolved_image_path; add logical_path=source_operational/class/filename; preserve IDs, group, label, predictions, confidence, rust probability, and nine class probabilities."
E2_A_resnet50_seed_42,ResNet50,resnet50,42,resnet50_seed42.csv,1311824,ed3472fcc19b73e8d9600f1a095fdf9abb9f276b1bf62e9e7bb8df5ac08becff,ed3472fcc19b73e8d9600f1a095fdf9abb9f276b1bf62e9e7bb8df5ac08becff,True,predictions/pandian2019/resnet50_seed42_pandian2019_rust_predictions_release.csv,1014183,2a6501cbecce144c2e830a0b2b129a4f312e1b3f83af874ddf4d5b1681f15f5f,1922,24,"Remove absolute local path/resolved_image_path; add logical_path=source_operational/class/filename; preserve IDs, group, label, predictions, confidence, rust probability, and nine class probabilities."
E2_A_resnet50_seed_73,ResNet50,resnet50,73,resnet50_seed73.csv,1309619,4490220e178175974574a3647acdebb10d257b11f2fd0574f72ece6a2568d241,4490220e178175974574a3647acdebb10d257b11f2fd0574f72ece6a2568d241,True,predictions/pandian2019/resnet50_seed73_pandian2019_rust_predictions_release.csv,1011978,622a63649e66d729815b543f309724c6332a942a6349ef9a9d9ec5bc830cdb42,1922,24,"Remove absolute local path/resolved_image_path; add logical_path=source_operational/class/filename; preserve IDs, group, label, predictions, confidence, rust probability, and nine class probabilities."
E2_A_swin_tiny_patch4_window7_224_seed_17,Swin-Tiny,swin_tiny_patch4_window7_224,17,swin_tiny_patch4_window7_224_seed17.csv,1313604,bbb569730164a90670490887132857af78713c812df52f2aaf8dfa05399e4e12,bbb569730164a90670490887132857af78713c812df52f2aaf8dfa05399e4e12,True,predictions/pandian2019/swin_tiny_patch4_window7_224_seed17_pandian2019_rust_predictions_release.csv,1015963,3df73120c699b26c39bd61a85dfc32b52b6a76e5c85043d8ae703ff1a9ccf907,1922,24,"Remove absolute local path/resolved_image_path; add logical_path=source_operational/class/filename; preserve IDs, group, label, predictions, confidence, rust probability, and nine class probabilities."
E2_A_swin_tiny_patch4_window7_224_seed_42,Swin-Tiny,swin_tiny_patch4_window7_224,42,swin_tiny_patch4_window7_224_seed42.csv,1308454,a9a87a6c92b0abde546c1854bc2931147b27ebacb003751bc205580f296a68b9,a9a87a6c92b0abde546c1854bc2931147b27ebacb003751bc205580f296a68b9,True,predictions/pandian2019/swin_tiny_patch4_window7_224_seed42_pandian2019_rust_predictions_release.csv,1010813,a94bc17ec7538fc73e11ed88dc6a91965d01e752510911ecb23e41e79fb76442,1922,24,"Remove absolute local path/resolved_image_path; add logical_path=source_operational/class/filename; preserve IDs, group, label, predictions, confidence, rust probability, and nine class probabilities."
E2_A_swin_tiny_patch4_window7_224_seed_73,Swin-Tiny,swin_tiny_patch4_window7_224,73,swin_tiny_patch4_window7_224_seed73.csv,1314435,8bbb0e855f6a15bd43b156d7f8c77ff6f522cd4d392748204bd2bc3ce7a809ad,8bbb0e855f6a15bd43b156d7f8c77ff6f522cd4d392748204bd2bc3ce7a809ad,True,predictions/pandian2019/swin_tiny_patch4_window7_224_seed73_pandian2019_rust_predictions_release.csv,1016794,20f656e0a9bd76c3567fb7960f5e1dd5b7f835c43c92d0732b823db4731af404,1922,24,"Remove absolute local path/resolved_image_path; add logical_path=source_operational/class/filename; preserve IDs, group, label, predictions, confidence, rust probability, and nine class probabilities."
E2_A_vit_base_patch16_224_seed_17,ViT-Base/16,vit_base_patch16_224,17,vit_base_patch16_224_seed17.csv,1305726,b221386f3e31888cbd3ed281dfe5ba35bbdc138fdb1f5dc0358c8b97a734ff38,b221386f3e31888cbd3ed281dfe5ba35bbdc138fdb1f5dc0358c8b97a734ff38,True,predictions/pandian2019/vit_base_patch16_224_seed17_pandian2019_rust_predictions_release.csv,1008084,fef1d5f1a1664bb04ad1e417646d60f08a3c736a2e469791128297915972ea16,1922,24,"Remove absolute local path/resolved_image_path; add logical_path=source_operational/class/filename; preserve IDs, group, label, predictions, confidence, rust probability, and nine class probabilities."
E2_A_vit_base_patch16_224_seed_42,ViT-Base/16,vit_base_patch16_224,42,vit_base_patch16_224_seed42.csv,1305896,6745237b4de415c50b6fae61d42df023855fd9db3f33d0816f6355e2b9a149d7,6745237b4de415c50b6fae61d42df023855fd9db3f33d0816f6355e2b9a149d7,True,predictions/pandian2019/vit_base_patch16_224_seed42_pandian2019_rust_predictions_release.csv,1008255,3d87ad3b00186b57861a9292bb37fbbe6ebcf5f6d499d3d55810cc661af18c1d,1922,24,"Remove absolute local path/resolved_image_path; add logical_path=source_operational/class/filename; preserve IDs, group, label, predictions, confidence, rust probability, and nine class probabilities."
E2_A_vit_base_patch16_224_seed_73,ViT-Base/16,vit_base_patch16_224,73,vit_base_patch16_224_seed73.csv,1303785,a93d7bf59dba7f15a813de7105c46228aee47df69eeafbdd701039149f7987d6,a93d7bf59dba7f15a813de7105c46228aee47df69eeafbdd701039149f7987d6,True,predictions/pandian2019/vit_base_patch16_224_seed73_pandian2019_rust_predictions_release.csv,1006144,5d8336f3c4cac19b5da87794d8b1abf71dc28f275d769b99a4e19330148227cf,1922,24,"Remove absolute local path/resolved_image_path; add logical_path=source_operational/class/filename; preserve IDs, group, label, predictions, confidence, rust probability, and nine class probabilities."
