path,n_bytes,sha256,role
data/manifests/manifest_master_clean_snapshot_v1_release.csv,4012046,4175e52d7d146ca7bc640bd0ffc625be09da1de323146f54748fb9148c5b54c7,full_release_safe_master_manifest
splits/e2a_adege_to_pandian_manifest_v1_release.csv,4849878,218f3c3497941df8b9ff812fc13f5483e83e24c2946d31f0d8c300e375d6a8fd,full_release_safe_e2a_split_manifest
notebooks/02_internal_comparison_E2A_release.ipynb,73443,b569cec56147e98aca5de8eb7fd5a67970afd968c2eece3eb943d3e9c102f797,release_safe_notebook
notebooks/03_final_paired_inference_release.ipynb,63575,c66911ba56a717dbb7ba64d277bd72b1f3b166d18461e06f293774ad5b0012ae,release_safe_notebook
figures/main/Figure_1_three_axes_independence.pdf,30546,334a7e4ec12bceb42bb94b555f4963916812cf9e1f550efc8f16158171b9f370,current_main_figure_pdf
figures/main/Figure_2_external_performance_and_rank_reversal.pdf,32851,9404ec05aac717fb98fca72a14b50ceab480482ea410c4830a41bc177d3a3f47,current_main_figure_pdf
figures/main/Figure_3_error_destinations_pandian.pdf,27341,224e89945f9690eeaff3719068a4b053614a21264a3062180cefd580587d749e,current_main_figure_pdf
figures/main/Figure_4_error_destinations_plantvillage.pdf,27952,8699528947e46310d20aed5a866beb139c4a8f8bfb42e7260d268b4c380ff199,current_main_figure_pdf
figures/main/Figure_5_reliability_diagram.pdf,18861,6edc1592c35f93fe3d2281ba4fbe09c72b08bda469bbad8410705bda489ad8b1,current_main_figure_pdf
figures/supplementary/Figure_S6_CANDIDATE_training_time_vs_macro_f1.pdf,18628,791a7a2c650cebf007805dd7f791690a7199b3e32f8b4572e9933ddb2dcf66ca,candidate_supplementary_figure_pending_reconciliation
