release_script,source_archive_title,source_sha256,decoded_release_sha256,decoded_release_bytes,payload_modules,payload_chunks
scripts/analysis/03_dataloader_validation_provenance.py,03_validacion_dataloaders_v1.ipynb.json,fc9c555f51f825798e0c16d7d64997b401679bee667abba76635ebd0225c2235,c2cbbf8d3264a4040a0c24ae31a60893687672d013f1bb12613f2deea5815ca4,20883,03_dataloader_validation_provenance__payload01.py;03_dataloader_validation_provenance__payload02.py;03_dataloader_validation_provenance__payload03.py;03_dataloader_validation_provenance__payload04.py;03_dataloader_validation_provenance__payload05.py;03_dataloader_validation_provenance__payload06.py,6
scripts/analysis/04_e2_training_evaluation_provenance.py,07_entrenamiento_evaluacion_E2_multiclase_v5_cache_local_verificado.ipynb,0f3b465da31674ae2fe45681e023bacf6bd238f1b81bfc83c54ac1f2efdc5c20,c80a305aa31475fc5416d7e07733899434efca1b89e5c30f7cb2de990c2ea1aa,57260,04_e2_training_evaluation_provenance__payload01.py;04_e2_training_evaluation_provenance__payload02.py;04_e2_training_evaluation_provenance__payload03.py,3
scripts/analysis/05_e2_18_checkpoint_evaluation_provenance.py,08_evaluacion_final_E2A_18_checkpoints_ipynb.ipynb,808c9f26a130e0830b9f688d99a382a43cb87ced33d7e9214061b3d3ae47de9f,1ea62765a82345df4b886909eb1e569c4f612db03ef984bb022d182a5d6ba23c,64088,05_e2_18_checkpoint_evaluation_provenance__payload01.py;05_e2_18_checkpoint_evaluation_provenance__payload02.py;05_e2_18_checkpoint_evaluation_provenance__payload03.py,3
scripts/analysis/06_e2a_consolidated_analysis_provenance.py,09_analisis_consolidado_E2A_18_corridas.ipynb,976b45f7a9b8fa4e5e38140a410585dca0d583c0ca359b27087de9badc43a126,b275820cadfb484c57b0541346d3054d94f6c877c2c015f34cc659fc8ff1c872,19024,06_e2a_consolidated_analysis_provenance__payload01.py,1
scripts/analysis/07_class_source_shortcut_control_provenance.py,10_control_atajo_fuente_clase.ipynb,c6d0d2fbc28c9fc0493ab2906164c7044b785c0ce50661fb44b24ab98d40bcc1,5c6adde5f7a07fed4c2565196c8dcfe93ae0bcb55e335771293ddf45208daa14,34453,07_class_source_shortcut_control_provenance__payload01.py;07_class_source_shortcut_control_provenance__payload02.py,2
scripts/analysis/08_plantvillage_external_evaluation_provenance.py,13_plantvillage_segundo_dominio_externo.ipynb,5a128327b43c8a4a5d3b468644c5bd56b4289dd36697fde6a071633f1fb7559a,0f94c80a5cdf56be9d09071a689c056d343e8a4ee05c47b0f3cbe447589d746d,33654,08_plantvillage_external_evaluation_provenance__payload01.py;08_plantvillage_external_evaluation_provenance__payload02.py,2
scripts/analysis/09_tom2024_external_evaluation_provenance.py,14_evaluacion_TOM2024_18_checkpoints.ipynb,bb95364b05559af708b1d424a0b85fae1f480955c33a451242a801d6d278b6ed,04cc3277797e14705c15369d1ed1bbad9fc701edd6655286c5925621d24d6be2,29960,09_tom2024_external_evaluation_provenance__payload01.py;09_tom2024_external_evaluation_provenance__payload02.py,2
scripts/analysis/10_tom2024_classwise_uncertainty_provenance.py,16_intervalos_por_clase_TOM2024_Q1_CORREGIDO_v2.ipynb,fe012e9472ed02a2c7b9d71338dd34c435fae373b44ebe895a121bff68f91a80,13e96289b1c7d73f800dfafb49695986f6afd5b8a4665a43fac065f36625f747,15778,10_tom2024_classwise_uncertainty_provenance__payload01.py,1
scripts/analysis/11_gradcam_tom2024_provenance.py,17_GradCAM_FINAL_correct_vs_incorrect_ResNet50_v3.ipynb,928ae610943606f6d0c8cf30009aa54bc8507a6fbbe6e64e05b13dd948a16872,6f370b7c25377d8c503a366e6b2622a2ac6ddd231dd9b69da20abac83c497581,13742,11_gradcam_tom2024_provenance__payload01.py;11_gradcam_tom2024_provenance__payload02.py;11_gradcam_tom2024_provenance__payload03.py;11_gradcam_tom2024_provenance__payload04.py,4
scripts/analysis/12_training_time_audit_provenance.py,18_auditoria_tiempos_entrenamiento_Q1.ipynb,2c8cc726668f9ceb0b200826630743ff1d9739ce786c404a82a4e883d4c70b60,e2cc3ba0140cf3049a9bdc152aed43bca3ba503056b51c0d029258c01238a138,16218,12_training_time_audit_provenance__payload01.py,1
