path,kind,bytes,sha256,rows,columns
data/external/tom2024/tom2024_images_excluded_by_corpus_overlap_v2_release.csv,csv,471,d2e455f5b48aaa6332ad5290474e676f72df50d0aa0842e493fc7bd3dde1d004,0,28
data/external/tom2024/tom2024_maize_external_clean_frozen_v2_release.csv,csv,1855531,4c89b020c390dcb94de3ee46e2c921a14ffb813ab7f2e15713c4f73a18e7d402,4622,28
data/external/tom2024/tom2024_maize_external_clean_frozen_v2_release.json,json,1165,c15752297a8f44f60ea53596c52cc5422a351a04f85ceab2868585d868662878,,
data/external/tom2024/tom2024_vs_corpus_exact_sha256_matches_v1_release.csv,csv,281,9e6f7983f083eaa2dbc3162bf9d9e7f7e190d1803f8da9f9f6d45c0a959e7b09,0,22
data/external/tom2024/tom2024_vs_corpus_phash_matches_hamming_le5_v1_release.csv,csv,209,d641f947c50ce5e9e3304a4c73eba3767f70f9b0100e8f1bb11ef7613ea89a1d,0,14
manifests/tom2024_checkpoint_verification_release.csv,csv,2669,8640b670ea1d5be71e338e2bdd649fb8e70ffdae2b04bd45aec338e734b957f9,18,6
manifests/tom2024_release_derivation.csv,csv,2607,ad80433ea9e94766d1708f5a8c0c17930cc34a8b7740d085e2578fbcc53d5c0a,8,7
manifests/tom2024_release_validation.json,json,1190,96e32c0f3dcc00116065b829c90ec97c6c40932c212ba8e9de640904ee88b5ba,,
predictions/tom2024/tom2024_predictions_18_runs_release.csv.gz,csv.gz,4145158,0a4024d0851062f7d39b9ae7f2a7bf2da485c3e483eff82cb2b4c55140e90c77,32994,21
predictions/tom2024/tom2024_predictions_by_protocol_release.csv.gz,csv.gz,6890680,0657f235bbb7424de475edfcfe736c697407913aff9dbe33b8f159894fdaa5f8,55134,24
protocol/tom2024_mapping_protocol_release.json,json,2002,402d79032b4f1d329e125279d5ba51145653f5ae53b305f394eff666f23d1ae4,,
