architecture,class_name,metric,support,point_estimate_mean_over_seeds,ci_lower,ci_upper,bootstrap_mean,bootstrap_std,bootstrap_replicates,confidence_level,resampling
MobileNetV3-Large,fall_armyworm,precision,581,0.9788287425656019,0.9688257624220032,0.9876641418297191,0.9787783553085135,0.0048368630150013615,10000,0.95,stratified group bootstrap
MobileNetV3-Large,fall_armyworm,recall,581,0.9518072289156626,0.9380378657487092,0.9644291451520367,0.9520262765347103,0.006673382030991569,10000,0.95,stratified group bootstrap
MobileNetV3-Large,fall_armyworm,f1,581,0.9648911351742613,0.9562781852742495,0.9729033024334743,0.9649522450062712,0.004263497109671649,10000,0.95,stratified group bootstrap
MobileNetV3-Large,healthy,precision,555,0.9716703906969704,0.9599997411126141,0.9827242789490315,0.9718365471643757,0.005777044932025993,10000,0.95,stratified group bootstrap
MobileNetV3-Large,healthy,recall,555,0.8816816816816817,0.8558558558558559,0.9057057057057056,0.881501081081081,0.012617476733039208,10000,0.95,stratified group bootstrap
MobileNetV3-Large,healthy,f1,555,0.9244419779815196,0.9091534561588137,0.9387029754335625,0.9243535866101332,0.007550639494453539,10000,0.95,stratified group bootstrap
MobileNetV3-Large,rust,precision,94,0.8727272727272727,0.6388888888888888,1.0,0.8717392391554495,0.09935995386376499,10000,0.95,stratified group bootstrap
MobileNetV3-Large,rust,recall,94,0.10992907801418439,0.06382978723404255,0.15957446808510636,0.10936241134751772,0.024642990155441847,10000,0.95,stratified group bootstrap
MobileNetV3-Large,rust,f1,94,0.19122174122174126,0.11646145217684085,0.2647372328590501,0.18903720547901603,0.038487293371128065,10000,0.95,stratified group bootstrap
ResNet50,fall_armyworm,precision,581,0.9888795260190336,0.9825814159849275,0.9942822499067042,0.9888931590129503,0.0029782850507821283,10000,0.95,stratified group bootstrap
ResNet50,fall_armyworm,recall,581,0.8835341365461847,0.8646012621916236,0.9013195639701664,0.883454675846242,0.009368484026419738,10000,0.95,stratified group bootstrap
ResNet50,fall_armyworm,f1,581,0.9304982262721513,0.9188932373942262,0.9413629185064725,0.9303958697128172,0.005738594506035662,10000,0.95,stratified group bootstrap
ResNet50,healthy,precision,555,0.9575875486381323,0.9446525062463712,0.9694525576322058,0.9576610571324203,0.006302638030920229,10000,0.95,stratified group bootstrap
ResNet50,healthy,recall,555,0.8852852852852853,0.8618468468468469,0.9075075075075075,0.8853798798798798,0.011745136504617237,10000,0.95,stratified group bootstrap
ResNet50,healthy,f1,555,0.9195966849899945,0.904692037576968,0.9336878622608734,0.919616560129274,0.007280995316469137,10000,0.95,stratified group bootstrap
ResNet50,rust,precision,94,0.9189352692075015,0.851111111111111,0.9777777777777779,0.9194676825813469,0.0322726134239491,10000,0.95,stratified group bootstrap
ResNet50,rust,recall,94,0.28368794326241137,0.2127659574468085,0.35815602836879434,0.28371099290780144,0.036880434100121866,10000,0.95,stratified group bootstrap
ResNet50,rust,f1,94,0.42895765716550444,0.33959936720040523,0.5128180499102271,0.42710259052652366,0.044249001059990245,10000,0.95,stratified group bootstrap
EfficientNet-B0,fall_armyworm,precision,581,0.9882828306381447,0.9807271060686836,0.9946478975641458,0.9882501004897495,0.003569085835709279,10000,0.95,stratified group bootstrap
EfficientNet-B0,fall_armyworm,recall,581,0.8749282845668388,0.8525530694205393,0.8967297762478484,0.8751729202524384,0.011343786478815822,10000,0.95,stratified group bootstrap
EfficientNet-B0,fall_armyworm,f1,581,0.9279339637486759,0.9146305500808113,0.9404950736375678,0.9279972663811368,0.006628706386062881,10000,0.95,stratified group bootstrap
EfficientNet-B0,healthy,precision,555,0.978938853370445,0.9683124348017232,0.9888036282270392,0.9790799296539566,0.005250585836871985,10000,0.95,stratified group bootstrap
EfficientNet-B0,healthy,recall,555,0.8636636636636638,0.8372372372372373,0.8882882882882882,0.8635920720720722,0.01311240903315785,10000,0.95,stratified group bootstrap
EfficientNet-B0,healthy,f1,555,0.917582152586414,0.9016393688440655,0.932559081866905,0.9175320570060563,0.007893652331047957,10000,0.95,stratified group bootstrap
EfficientNet-B0,rust,precision,94,0.6410256410256411,0.5833333333333334,0.6666666666666666,0.6410501162583442,0.025096623137342993,10000,0.95,stratified group bootstrap
EfficientNet-B0,rust,recall,94,0.08865248226950355,0.04964539007092198,0.13120567375886524,0.08838617021276596,0.021210902660013672,10000,0.95,stratified group bootstrap
EfficientNet-B0,rust,f1,94,0.1557632398753894,0.09151206382774198,0.21906556857942505,0.15425897684806605,0.032836536738021053,10000,0.95,stratified group bootstrap
MobileViT-S,fall_armyworm,precision,581,0.9743926849420369,0.9641137677930083,0.9838167102808978,0.9744321682408518,0.005032949126854655,10000,0.95,stratified group bootstrap
MobileViT-S,fall_armyworm,recall,581,0.900172117039587,0.8800917957544464,0.9185312679288583,0.8999916810097534,0.00979901810704071,10000,0.95,stratified group bootstrap
MobileViT-S,fall_armyworm,f1,581,0.9354764401942558,0.9236363691335755,0.9465404878269656,0.9353417124568209,0.005916240073154212,10000,0.95,stratified group bootstrap
MobileViT-S,healthy,precision,555,0.9836255609626726,0.9743023459390212,0.9917478079328645,0.9836829296145521,0.004439829244606618,10000,0.95,stratified group bootstrap
MobileViT-S,healthy,recall,555,0.8576576576576577,0.8318318318318317,0.8828828828828829,0.8577342942942944,0.013064301946200663,10000,0.95,stratified group bootstrap
MobileViT-S,healthy,f1,555,0.9158189602922505,0.9003674720584567,0.93095913622411,0.9158134727615485,0.007855632693970148,10000,0.95,stratified group bootstrap
MobileViT-S,rust,precision,94,0.5203703703703704,0.11363428238428241,0.6481481481481481,0.47630176962233783,0.13391200809251125,10000,0.95,stratified group bootstrap
MobileViT-S,rust,recall,94,0.0425531914893617,0.01773049645390071,0.07092198581560284,0.04248900709219858,0.014383364099394249,10000,0.95,stratified group bootstrap
MobileViT-S,rust,f1,94,0.07299295974564242,0.0303030303030303,0.1211391867455264,0.07238014352493816,0.02357007810688412,10000,0.95,stratified group bootstrap
ViT-Base/16,fall_armyworm,precision,581,0.9882515077219182,0.9801716498451076,0.9949154229234002,0.9882225608184675,0.0038095682222313793,10000,0.95,stratified group bootstrap
ViT-Base/16,fall_armyworm,recall,581,0.7911646586345381,0.763625932300631,0.8175559380378657,0.7911411359724613,0.013691314800234887,10000,0.95,stratified group bootstrap
ViT-Base/16,fall_armyworm,f1,581,0.8777839283575983,0.8598042104115337,0.8941718158501915,0.8776564939839682,0.008746100372428631,10000,0.95,stratified group bootstrap
ViT-Base/16,healthy,precision,555,0.9711280838940413,0.9588898302861633,0.9821112118563375,0.971181718599586,0.005875471628673841,10000,0.95,stratified group bootstrap
ViT-Base/16,healthy,recall,555,0.827027027027027,0.7981981981981981,0.8540540540540541,0.826863003003003,0.014435886011528457,10000,0.95,stratified group bootstrap
ViT-Base/16,healthy,f1,555,0.8932763017119737,0.8747927658158428,0.9100740988706495,0.8931104431270167,0.008985256279770698,10000,0.95,stratified group bootstrap
ViT-Base/16,rust,precision,94,0.8154761904761906,0.6310515873015873,0.9487179487179488,0.8150510056879527,0.0814542878840468,10000,0.95,stratified group bootstrap
ViT-Base/16,rust,recall,94,0.08156028368794326,0.03900709219858156,0.1276595744680851,0.08152021276595743,0.0222788522924356,10000,0.95,stratified group bootstrap
ViT-Base/16,rust,f1,94,0.14708398944469608,0.07427932193598073,0.2210545108114815,0.14584393985287825,0.037034318130458134,10000,0.95,stratified group bootstrap
Swin-Tiny,fall_armyworm,precision,581,0.9828974732394326,0.9746078229706829,0.990144290435057,0.9828690295828745,0.003933764340050405,10000,0.95,stratified group bootstrap
Swin-Tiny,fall_armyworm,recall,581,0.9145152036718301,0.8973034997131383,0.9311531841652324,0.9146726907630522,0.008560765709530545,10000,0.95,stratified group bootstrap
Swin-Tiny,fall_armyworm,f1,581,0.947248632588491,0.9369813996214736,0.956864009658832,0.9472756372155842,0.005056192077592315,10000,0.95,stratified group bootstrap
Swin-Tiny,healthy,precision,555,0.9696513152842967,0.9589254698634639,0.9798499489447821,0.9697727588174757,0.005351787879659148,10000,0.95,stratified group bootstrap
Swin-Tiny,healthy,recall,555,0.908108108108108,0.8858858858858859,0.9285285285285285,0.9079339939939939,0.010904452994051817,10000,0.95,stratified group bootstrap
Swin-Tiny,healthy,f1,555,0.9376554199491216,0.9243198170248503,0.9500365730008414,0.9375661430846683,0.006508175369626032,10000,0.95,stratified group bootstrap
Swin-Tiny,rust,precision,94,0.9523809523809524,0.5555555555555555,1.0,0.9055634468581527,0.13356377745242154,10000,0.95,stratified group bootstrap
Swin-Tiny,rust,recall,94,0.046099290780141834,0.017730496453900707,0.08156028368794327,0.04616205673758865,0.017140438048574198,10000,0.95,stratified group bootstrap
Swin-Tiny,rust,f1,94,0.08716288295496216,0.03368421052631579,0.1495670979634225,0.08649646560938935,10000,0.95,stratified group bootstrap
