arquitectura,model_key,semilla,n,recall_leaf_blight,probmedia_leaf_blight,recall_leaf_spot,probmedia_leaf_spot,macro_f1_pv,accuracy_pv,pandian_run,interno_run
MobileNetV3-Large,mobilenetv3_large,17,1498,0.38578680203045684,0.29708853363990784,0.04093567251461988,0.057625554502010345,0.2952389347248666,0.2676902536715621,0.2081,0.9553
MobileNetV3-Large,mobilenetv3_large,42,1498,0.332994923857868,0.2612535059452057,0.03508771929824561,0.057540275156497955,0.26224160550296066,0.23097463284379172,0.4792,0.9576
MobileNetV3-Large,mobilenetv3_large,73,1498,0.13705583756345177,0.14479960501194,0.001949317738791423,0.018537726253271103,0.11516343050361187,0.09078771695594126,0.6873,0.9568
ResNet50,resnet50,17,1498,0.0883248730964467,0.10145001858472824,0.03508771929824561,0.05184758082032204,0.10367660781605763,0.07009345794392523,0.0916,0.9606
ResNet50,resnet50,42,1498,0.5634517766497462,0.41685110330581665,0.050682261208576995,0.07240642607212067,0.380518521688887,0.3878504672897196,0.0349,0.9522
ResNet50,resnet50,73,1498,0.3461928934010152,0.26791080832481384,0.009746588693957114,0.035631101578474045,0.24509394844245086,0.23097463284379172,0.0687,0.9626
EfficientNet-B0,efficientnet_b0,17,1498,0.24263959390862944,0.2156141847372055,0.007797270955165692,0.030064137652516365,0.1805676882591808,0.16221628838451269,0.3283,0.9594
EfficientNet-B0,efficientnet_b0,42,1498,0.07817258883248732,0.09354560077190399,0.01364522417153996,0.04025661572813988,0.08260338294250096,0.056074766355140186,0.8829,0.9578
EfficientNet-B0,efficientnet_b0,73,1498,0.07614213197969544,0.09425625205039978,0.01949317738791423,0.043448951095342636,0.08599375308236068,0.056742323097463285,0.8002,0.9631
MobileViT-S,mobilevit_s,17,1498,0.41421319796954315,0.36360540986061096,0.021442495126705652,0.043812308460474014,0.28595771719038815,0.27970627503337786,0.7653,0.9615
MobileViT-S,mobilevit_s,42,1498,0.19390862944162437,0.18679437041282654,0.06237816764132553,0.07058747112751007,0.20319898131545439,0.14886515353805074,0.1727,0.9569
MobileViT-S,mobilevit_s,73,1498,0.3868020304568528,0.36662858724594116,0.1286549707602339,0.12035459280014038,0.35248137077291575,0.2983978638184246,0.2133,0.9615
ViT-Base/16,vit_base_patch16_224,17,1498,0.32791878172588834,0.29289475083351135,0.24366471734892786,0.22305455803871155,0.35405791592029573,0.29906542056074764,0.8169,0.9595
ViT-Base/16,vit_base_patch16_224,42,1498,0.23045685279187816,0.20179790258407593,0.07602339181286549,0.07984624058008194,0.23118142111430703,0.17757009345794392,0.7388,0.9571
ViT-Base/16,vit_base_patch16_224,73,1498,0.17766497461928935,0.16604191064834595,0.05458089668615984,0.06409534066915512,0.1813344322213065,0.13551401869158877,0.9303,0.951
Swin-Tiny,swin_tiny_patch4_window7_224,17,1498,0.20812182741116753,0.2082889974117279,0.21442495126705652,0.19266323745250702,0.26512199827138105,0.2102803738317757,0.2477,0.9591
Swin-Tiny,swin_tiny_patch4_window7_224,42,1498,0.6903553299492385,0.5677394270896912,0.19298245614035087,0.19996264576911926,0.4986917844060701,0.5200267022696929,0.435,0.9395
Swin-Tiny,swin_tiny_patch4_window7_224,73,1498,0.29746192893401013,0.2582986354827881,0.003898635477582846,0.023338045924901962,0.20693533222168545,0.19692923898531375,0.1348,0.9603
