arquitectura,semilla,clase_real,destino_dominante,prop
EfficientNet-B0,17,leaf_blight,rust,0.5380710659898477
EfficientNet-B0,17,leaf_spot,rust,0.4834307992202729
EfficientNet-B0,42,leaf_blight,rust,0.8365482233502538
EfficientNet-B0,42,leaf_spot,rust,0.8284600389863548
EfficientNet-B0,73,leaf_blight,rust,0.7939086294416243
EfficientNet-B0,73,leaf_spot,rust,0.8050682261208577
MobileNetV3-Large,17,leaf_blight,rust,0.3786802030456853
MobileNetV3-Large,17,leaf_spot,rust,0.5282651072124757
MobileNetV3-Large,42,leaf_blight,rust,0.5025380710659898
MobileNetV3-Large,42,leaf_spot,rust,0.5692007797270955
MobileNetV3-Large,73,leaf_blight,rust,0.7411167512690355
MobileNetV3-Large,73,leaf_spot,rust,0.7524366471734892
MobileViT-S,17,leaf_blight,rust,0.42233502538071066
MobileViT-S,17,leaf_spot,rust,0.5867446393762183
MobileViT-S,42,leaf_blight,rust,0.5492385786802031
MobileViT-S,42,leaf_spot,rust,0.6003898635477583
MobileViT-S,73,leaf_blight,rust,0.3918781725888325
MobileViT-S,73,leaf_spot,rust,0.4015594541910331
ResNet50,17,leaf_blight,grasshopper,0.24467005076142131
ResNet50,17,leaf_spot,grasshopper,0.40545808966861596
ResNet50,42,leaf_blight,healthy,0.16040609137055836
ResNet50,42,leaf_spot,fall_armyworm,0.29434697855750486
ResNet50,73,leaf_blight,rust,0.24873096446700507
ResNet50,73,leaf_spot,lethal_necrosis,0.31968810916179335
Swin-Tiny,17,leaf_blight,leaf_spot,0.3695431472081218
Swin-Tiny,17,leaf_spot,leaf_blight,0.2807017543859649
Swin-Tiny,42,leaf_blight,rust,0.14416243654822336
Swin-Tiny,42,leaf_spot,leaf_blight,0.47953216374269003
Swin-Tiny,73,leaf_blight,rust,0.33705583756345175
Swin-Tiny,73,leaf_spot,rust,0.3645224171539961
ViT-Base/16,17,leaf_blight,leaf_spot,0.26802030456852793
ViT-Base/16,17,leaf_spot,leaf_blight,0.3723196881091618
ViT-Base/16,42,leaf_blight,rust,0.5228426395939086
ViT-Base/16,42,leaf_spot,rust,0.5516569200779727
ViT-Base/16,73,leaf_blight,rust,0.6883248730964467
ViT-Base/16,73,leaf_spot,rust,0.6140350877192983
