file,KB,sha256
Figure_1_three_axes_independence.pdf,29.8,334a7e4ec12bceb42bb94b555f4963916812cf9e1f550efc8f16158171b9f370
Figure_1_three_axes_independence.png,238.4,b92b44ae58def28d7241f9822a31183a5ca9eaca737143da3a36b987ccbeb8a5
Figure_2_external_performance_and_rank_reversal.pdf,32.1,9404ec05aac717fb98fca72a14b50ceab480482ea410c4830a41bc177d3a3f47
Figure_2_external_performance_and_rank_reversal.png,449.1,8d73e3f7930500b5d4dd76c1b38206c74b49ac18bbf22ca9e8d3256bc13b66b8
Figure_3_sink_class_by_domain.pdf,26.9,bc3c72b9cb48db9478cc36fa90843a2b03a7a9785aa3195a6fa3db95d2786e80
Figure_3_sink_class_by_domain.png,612.1,1ebbddfa3161e75ab4f3b1ec261000a68523ea724d96e3872b408daf6f3994f7
Figure_3a_error_destinations_pandian.pdf,26.7,0999bc8f6d7b9a20f6cdf985455d6b9a0f49c02cfae1c24c734ef506e18b670d
Figure_3a_error_destinations_pandian.png,585.7,4920b7e3920e0f248cc19a221150899554983d756db912b8dcbc717dcf43c529
Figure_3b_error_destinations_plantvillage.pdf,27.3,9d7df8291961adfca406d5bbe08c1c9602477a44033c89e9960860fb79e596cd
Figure_3b_error_destinations_plantvillage.png,605.5,e3b9c95ccd1a8f60ed0c410d155b2f86ca5ef1019da160d6bbd46e7939cccc40
Figure_4_reliability_diagrams.pdf,31.3,c79ef1e43a7d6c7ff13e0927d2305d592215a2fc38e7443fd9d7d550767cd77a
Figure_4_reliability_diagrams.png,574.4,38191b165cfcf06f97f7e2b852c21d12034b9b602555e7b603955bfaa5977d10
Figure_5_reliability_diagram.pdf,18.4,6edc1592c35f93fe3d2281ba4fbe09c72b08bda469bbad8410705bda489ad8b1
Figure_5_reliability_diagram.png,232.6,d1a5540031c7165569f24e5f8cc19da5448ee750aab2146bab3d4e2a2458618f
