experiment,architecture,hardware_hint,runs,seeds,mean_total_minutes,std_total_minutes,min_total_minutes,max_total_minutes,mean_epochs_trained,mean_best_epoch
E2,EfficientNet-B0,NVIDIA L4,3,"17, 42, 73",,,,,,17.0
E2,MobileNetV3-Large,NVIDIA L4,3,"17, 42, 73",,,,,,20.333333333333332
E2,MobileViT-S,NVIDIA L4,3,"17, 42, 73",,,,,,19.333333333333332
E2,ResNet50,NVIDIA L4,3,"17, 42, 73",,,,,,24.666666666666668
E2,Swin-Tiny,NVIDIA L4,3,"17, 42, 73",,,,,,29.666666666666668
E2,ViT-Base/16,NVIDIA L4,3,"17, 42, 73",,,,,,31.0
E2_A,efficientnet_b0,NVIDIA L4,3,"17, 42, 73",201.48980962617773,20.844188224441698,180.2150520702167,221.87494203959977,25.0,25.0
E2_A,mobilenetv3_large,NVIDIA L4,3,"17, 42, 73",228.60128537269995,5.345148673578917,223.5141879418499,234.17166314498326,28.333333333333332,28.333333333333332
E2_A,mobilevit_s,NVIDIA L4,3,"17, 42, 73",223.54290244925002,55.31725623073754,161.5166937340667,267.76815694269993,27.333333333333332,27.333333333333332
E2_A,resnet50,NVIDIA L4,3,"17, 42, 73",263.3947771545113,79.19832886814956,172.01187869961663,312.12755799728376,32.666666666666664,32.666666666666664
E2_A,swin_tiny_patch4_window7_224,NVIDIA L4,3,"17, 42, 73",305.75622057602226,106.49844229879963,182.99468649664993,373.3917877667998,33.333333333333336,33.333333333333336
E2_A,vit_base_patch16_224,NVIDIA L4,3,"17, 42, 73",333.09498665006663,35.14058363909251,292.7969437605665,357.3563581471666,37.333333333333336,37.333333333333336
