architecture,seed,accuracy,balanced_accuracy,macro_f1,mcc,mean_confidence,underconfidence_gap,aurc
EfficientNet-B0,17,0.9697498545666084,0.9607742366553427,0.959405478890673,0.9636980966271783,0.7968846559524536,0.17286521196365356,0.02230413475386437
EfficientNet-B0,42,0.9714950552646888,0.9621004708237358,0.9578381787564351,0.9658527895908877,0.7971181273460388,0.17437690496444702,0.020786801256508988
EfficientNet-B0,73,0.9732402559627691,0.9656452863473253,0.9630930382079469,0.967878209478198,0.7970205545425415,0.17621970176696777,0.02656398079101663
MobileNetV3-Large,17,0.9680046538685282,0.9583879101163565,0.9553225058379152,0.9616253308241547,0.8026676774024963,0.1653369665145874,0.019006715160098282
MobileNetV3-Large,42,0.9703315881326352,0.9610468735941168,0.9575770202666535,0.9644116271926818,0.7959458827972412,0.17438572645187378,0.0214148097939946
MobileNetV3-Large,73,0.9703315881326352,0.961878315782231,0.956797466236903,0.964418619342656,0.7961459159851074,0.17418569326400757,0.022641847429075105
MobileViT-S,17,0.9714950552646888,0.9633881447906059,0.9614874619908034,0.9657710961884739,0.810421884059906,0.16107314825057983,0.021489893436550337
MobileViT-S,42,0.9691681210005817,0.9615252774642697,0.9568620729392671,0.9630492232815901,0.803829550743103,0.16533857583999634,0.035321879553226715
MobileViT-S,73,0.9714950552646888,0.9652414999783421,0.9615282289610122,0.9658692019031502,0.8081707954406738,0.163324236869812,0.037526423094784066
ResNet50,17,0.9726585223967423,0.9628287260245831,0.9606233030251854,0.9671686528023555,0.8011515736579895,0.17150694131851196,0.028472512193011553
ResNet50,42,0.9668411867364747,0.9574829222842217,0.9521681698357471,0.96022364895944,0.7928321361541748,0.1740090250968933,0.02524392983065732
ResNet50,73,0.9738219895287958,0.9664951078586316,0.9626183130667472,0.9686346842105716,0.7966868281364441,0.177135169506073,0.025024539073347944
Swin-Tiny,17,0.9714950552646888,0.9633785033913094,0.9591245045646932,0.9658017459696564,0.8099008202552795,0.1615942120552063,0.02531182571515697
Swin-Tiny,42,0.956369982547993,0.9420550989721195,0.9394797425619331,0.9476953559032425,0.7970988154411316,0.15927118062973022,0.031895572677891185
Swin-Tiny,73,0.9720767888307156,0.963344265228331,0.9603028828956529,0.9665252266602535,0.8105506896972656,0.16152608394622803,0.02752199416127659
ViT-Base/16,17,0.9720767888307156,0.9622380163384511,0.9595071031511588,0.9664914851611142,0.8061695098876953,0.16590726375579834,0.029342753251156352
ViT-Base/16,42,0.9691681210005817,0.9596896809184021,0.9571183557771461,0.9629759567491077,0.7999607920646667,0.16920733451843262,0.016423888485517638
ViT-Base/16,73,0.9645142524723677,0.9500512842179017,0.951018952475454,0.9573805925936523,0.7995697855949402,0.16494446992874146,0.024699783540846468
