architecture_a,architecture_b,difference_a_minus_b,bootstrap_ci95_lower,bootstrap_ci95_upper,bootstrap_raw_p,ci_entirely_within_descriptive_0_01_band,holm_p,significant_after_holm
EfficientNet-B0,Swin-Tiny,0.007143188610925222,0.00040348619222640997,0.013924899697303768,0.0352,False,0.528,False
MobileViT-S,Swin-Tiny,0.006990211289600978,-0.0002813279628753661,0.014456263184547423,0.0594,False,0.8316,False
ResNet50,Swin-Tiny,0.00550088530180004,-0.0019609227776527403,0.012629665434360499,0.1452,False,1.0,False
EfficientNet-B0,ViT-Base/16,0.004230761483765444,-0.001823027431964874,0.010573017597198486,0.1746,False,1.0,False
MobileViT-S,ViT-Base/16,0.0040777841624412,-0.0029102787375450134,0.01143522709608077,0.2534,False,1.0,False
MobileNetV3-Large,Swin-Tiny,0.0035966207730639965,-0.002906753122806549,0.010339404642581939,0.2814,False,1.0,False
EfficientNet-B0,MobileNetV3-Large,0.0035465678378612253,-0.002444396913051605,0.009786672890186308,0.2486,True,1.0,False
MobileViT-S,MobileNetV3-Large,0.0033935905165369817,-0.003312762081623077,0.01016678512096405,0.3184,False,1.0,False
ViT-Base/16,Swin-Tiny,0.002912427127159778,-0.0039027556777000427,0.009670405089855191,0.412,True,1.0,False
ResNet50,ViT-Base/16,0.0025884581746402624,-0.004492014646530151,0.009702576696872708,0.4778,True,1.0,False
ResNet50,MobileNetV3-Large,0.0019042645287360438,-0.005082142353057861,0.008698724210262293,0.5712,True,1.0,False
EfficientNet-B0,ResNet50,0.0016423033091251815,-0.00486699640750885,0.008183728158473966,0.6206,True,1.0,False
MobileViT-S,ResNet50,0.001489325987800938,-0.0048614442348480225,0.00799131542444229,0.639,True,1.0,False
MobileNetV3-Large,ViT-Base/16,0.0006841936459042186,-0.005649153888225555,0.007137246429920193,0.8326,True,1.0,False
EfficientNet-B0,MobileViT-S,0.00015297732132424358,-0.005781608819961548,0.006051328778266905,0.9682,True,1.0,False
