architecture,class_name,support,class_f1_mean,class_f1_sd_across_seeds,bootstrap_ci95_lower,bootstrap_ci95_upper
EfficientNet-B0,fall_armyworm,42,0.9647949102121469,0.011351313892351087,0.9249299168586731,0.9960784316062927
EfficientNet-B0,grasshopper,100,0.9900492561818997,0.008531420963695647,0.976646363735199,0.9983416199684143
EfficientNet-B0,healthy,386,0.9908735021786493,0.0013022468552538525,0.9847751960158349,0.9960999488830566
EfficientNet-B0,leaf_beetle,139,0.9832216508233339,0.001979383812088539,0.9698436811566353,0.9940004348754883
EfficientNet-B0,leaf_blight,117,0.9047851269021665,0.0126035258144315,0.8716981321573257,0.9350366547703743
EfficientNet-B0,leaf_spot,153,0.8795095104176117,0.010535403238095828,0.8453734785318374,0.9109479129314423
EfficientNet-B0,lethal_necrosis,484,0.9972501344761032,0.0015715543048217626,0.9944966435432434,0.999312698841095
EfficientNet-B0,rust,161,0.9947883605634168,0.0036310273865771026,0.9863565564155579,1.0
EfficientNet-B0,streak_virus,137,0.935737635809838,0.004625377425758606,0.9086200967431068,0.96038309186697
MobileNetV3-Large,fall_armyworm,42,0.9535743300260494,0.01108882323527555,0.9109541773796082,0.9883264899253845
MobileNetV3-Large,grasshopper,100,0.9916747918697967,0.005715910562741376,0.9795918464660645,1.0
MobileNetV3-Large,healthy,386,0.9886755746685097,0.0007625882836785203,0.9812084764242173,0.9948007464408875
MobileNetV3-Large,leaf_beetle,139,0.979594663619285,0.002039312173331696,0.9640285193920135,0.9927447438240051
MobileNetV3-Large,leaf_blight,117,0.8940213483767491,0.012247430713006376,0.8587134063243866,0.9274177819490432
MobileNetV3-Large,leaf_spot,153,0.8723309780642494,0.006119866003662211,0.8348365843296051,0.9070187866687774
MobileNetV3-Large,lethal_necrosis,484,0.9989680082559339,0.0,0.9969103932380676,1.0
MobileNetV3-Large,rust,161,0.9937888198757764,0.0,0.9844236969947815,1.0
MobileNetV3-Large,streak_virus,137,0.9364624622680658,0.004893158254065433,0.9085369616746902,0.9612647235393524
MobileViT-S,fall_armyworm,42,0.9609667122663019,0.006476432568200992,0.9193848967552185,0.9921568036079407
MobileViT-S,grasshopper,100,0.9933165829145728,0.002872245057777528,0.9814724922180176,1.0
MobileViT-S,healthy,386,0.9869314550483154,0.0013414261835019434,0.9798579171299935,0.9930475652217865
MobileViT-S,leaf_beetle,139,0.9904076738609113,0.00415359905891821,0.979689359664917,0.9987966418266296
MobileViT-S,leaf_blight,117,0.9116370312444407,0.0034569162249046873,0.8826305866241455,0.9389800816774369
MobileViT-S,leaf_spot,153,0.8708342504952675,0.003444279990150719,0.8371331170201302,0.9013758078217506
MobileViT-S,lethal_necrosis,484,0.9969040159751373,6.390073517765308e-06,0.9938136577606201,0.9993105530738831
MobileViT-S,rust,161,0.992737458318015,0.004735444744323572,0.98335200548172,0.9989679455757141
MobileViT-S,streak_virus,137,0.9358981115502853,0.012855847825951975,0.9103115662932396,0.9588917464017868
ResNet50,fall_armyworm,42,0.9465141896842354,0.022504423685574794,0.9006987556815147,0.9845841526985168
ResNet50,grasshopper,100,0.9781541273225708,0.008004681185912976,0.9596764266490936,0.9932995438575745
ResNet50,healthy,386,0.9860917885251196,0.005907638220541451,0.978560782968998,0.9922257632017135
ResNet50,leaf_beetle,139,0.9855067390073978,0.00010502638781960132,0.9730381965637207,0.9952035546302795
ResNet50,leaf_blight,117,0.9084357398873527,0.014741959439537062,0.8756078392267227,0.9389982700347901
ResNet50,leaf_spot,153,0.8769101594553762,0.007190319167442326,0.8422776862978936,0.9084976419806481
ResNet50,lethal_necrosis,484,0.9986247202805881,0.0005945922149261405,0.9958930224180221,1.0
ResNet50,rust,161,0.995839823468328,0.0018098402129969975,0.9884727597236633,1.0
ResNet50,streak_virus,137,0.9501520701520701,0.01135666345798279,0.9259606450796127,0.9709169283509255
Swin-Tiny,fall_armyworm,42,0.9420832219549139,0.011634306274432201,0.899848461151123,0.9767463758587837
Swin-Tiny,grasshopper,100,0.9848394264130306,0.008851042430257583,0.9694154024124145,0.9966666102409363
Swin-Tiny,healthy,386,0.9865377574089603,0.004576838036052656,0.9794513180851936,0.9926535487174988
Swin-Tiny,leaf_beetle,139,0.9817373908359942,0.011108980387640176,0.9677538096904754,0.9927970767021179
Swin-Tiny,leaf_blight,117,0.8914155796560772,0.020089649671237286,0.8575160220265389,0.9238237738609314
Swin-Tiny,leaf_spot,153,0.860854879427667,0.03825378180275113,0.8252998560667038,0.8944263339042664
Swin-Tiny,lethal_necrosis,484,0.9962146007242437,0.0015817591530137387,0.9927553936839104,0.9989673495292664
Swin-Tiny,rust,161,0.9937629399585921,2.241266572939135e-05,0.9852584004402161,1.0
Swin-Tiny,streak_virus,137,0.9392755936873584,0.013134501033514262,0.9131092146039009,0.962626788020134
ViT-Base/16,fall_armyworm,42,0.9569440552909313,0.0059854188736385774,0.9206270575523376,0.9845841526985168
ViT-Base/16,grasshopper,100,0.9883082077051926,0.002930270210459942,0.974532425403595,0.9983416199684143
ViT-Base/16,healthy,386,0.9878515698929485,0.0020448259633465676,0.98127681016922,0.9935226455330849
ViT-Base/16,leaf_beetle,139,0.9832132741072388,0.0020779413208862315,0.9699936449527741,0.9939917922019958
ViT-Base/16,leaf_blight,117,0.8880904472773965,0.021214064499438485,0.8502420529723167,0.9225550144910812
ViT-Base/16,leaf_spot,153,0.8653239690276061,0.01606150424950816,0.8300515621900558,0.8978872820734978
ViT-Base/16,lethal_necrosis,484,0.9972522688954291,0.001570840338410574,0.9941775023937225,0.9996552467346191
ViT-Base/16,rust,161,0.9958527634269202,0.001787427547267606,0.9875192642211914,1.0
ViT-Base/16,streak_virus,137,0.9400966785876147,0.006636250358532007,0.9134255096316337,0.9634801417589187
