architecture,seed,aurc,risk_at_0.50_coverage,risk_at_0.80_coverage,risk_at_0.90_coverage,risk_at_0.95_coverage,risk_at_1.00_coverage
EfficientNet-B0,17,0.02230413475386437,0.023255813953488372,0.02180232558139535,0.020671834625323,0.020195838433292534,0.030250145433391506
EfficientNet-B0,42,0.020786801256508988,0.023255813953488372,0.0188953488372093,0.018733850129198967,0.019583843329253364,0.028504944735311226
EfficientNet-B0,73,0.02656398079101663,0.03372093023255814,0.02252906976744186,0.021963824289405683,0.021419828641370868,0.02675974403723095
MobileNetV3-Large,17,0.019006715160098282,0.022093023255813953,0.016715116279069766,0.015503875968992248,0.01591187270501836,0.031995346131471786
MobileNetV3-Large,42,0.0214148097939946,0.023255813953488372,0.016715116279069766,0.014857881136950904,0.015299877600979192,0.029668411867364748
MobileNetV3-Large,73,0.022641847429075105,0.026744186046511628,0.020348837209302327,0.018733850129198967,0.01835985312117503,0.029668411867364748
MobileViT-S,17,0.021489893436550337,0.031395348837209305,0.02180232558139535,0.020025839793281652,0.021419828641370868,0.028504944735311226
MobileViT-S,42,0.035321879553226715,0.03488372093023256,0.024709302325581394,0.02260981912144703,0.021419828641370868,0.030831878999418267
MobileViT-S,73,0.037526423094784066,0.03953488372093023,0.02616279069767442,0.023255813953488372,0.022031823745410038,0.028504944735311226
ResNet50,17,0.028472512193011553,0.031395348837209305,0.02252906976744186,0.02131782945736434,0.022031823745410038,0.027341477603257707
ResNet50,42,0.02524392983065732,0.03255813953488372,0.02180232558139535,0.021963824289405683,0.02386780905752754,0.03315881326352531
ResNet50,73,0.025024539073347944,0.029069767441860465,0.021075581395348836,0.01937984496124031,0.020195838433292534,0.02617801047120419
Swin-Tiny,17,0.02531182571515697,0.03953488372093023,0.024709302325581394,0.02260981912144703,0.022031823745410038,0.028504944735311226
Swin-Tiny,42,0.031895572677891185,0.047674418604651166,0.030523255813953487,0.028423772609819122,0.029987760097919217,0.04363001745200698
Swin-Tiny,73,0.02752199416127659,0.037209302325581395,0.025436046511627907,0.023255813953488372,0.022643818849449205,0.027923211169284468
ViT-Base/16,17,0.029342753251156352,0.03953488372093023,0.02688953488372093,0.023901808785529714,0.022643818849449205,0.027923211169284468
ViT-Base/16,42,0.016423888485517638,0.029069767441860465,0.021075581395348836,0.018733850129198967,0.01835985312117503,0.030831878999418267
ViT-Base/16,73,0.024699783540846468,0.03837209302325582,0.027616279069767442,0.02454780361757106,0.02386780905752754,0.035485747527632346
