bin,n,mean_confidence,observed_accuracy,architecture,seed
0,172,0.6161400994589162,0.8837209302325582,EfficientNet-B0,17
1,172,0.6906895956327749,0.9883720930232558,EfficientNet-B0,17
2,172,0.7126769624477209,0.9767441860465116,EfficientNet-B0,17
3,172,0.7340146174957586,0.9883720930232558,EfficientNet-B0,17
4,172,0.7598196898781976,0.9767441860465116,EfficientNet-B0,17
5,171,0.815585446288014,0.9883040935672515,EfficientNet-B0,17
6,172,0.8654338398645091,0.9883720930232558,EfficientNet-B0,17
7,172,0.8894075290408245,0.9825581395348837,EfficientNet-B0,17
8,172,0.9210120550421781,0.9302325581395349,EfficientNet-B0,17
9,172,0.9641755226739618,0.9941860465116279,EfficientNet-B0,17
0,172,0.6210906820934873,0.8837209302325582,EfficientNet-B0,42
1,172,0.7005095322464787,0.9825581395348837,EfficientNet-B0,42
2,172,0.72094837801401,0.9825581395348837,EfficientNet-B0,42
3,172,0.7391607290090516,0.9883720930232558,EfficientNet-B0,42
4,172,0.7574607476938603,0.9941860465116279,EfficientNet-B0,42
5,171,0.8114904559146591,0.9590643274853801,EfficientNet-B0,42
6,172,0.874125466097233,0.9825581395348837,EfficientNet-B0,42
7,172,0.8943277507327324,0.9825581395348837,EfficientNet-B0,42
8,172,0.9098563644775125,0.9883720930232558,EfficientNet-B0,42
9,172,0.9422945931207302,0.9709302325581395,EfficientNet-B0,42
0,172,0.6297697208301966,0.9302325581395349,EfficientNet-B0,73
1,172,0.6930242447659026,0.9825581395348837,EfficientNet-B0,73
2,172,0.7104565161605214,1.0,EfficientNet-B0,73
3,172,0.7278058975934982,0.9941860465116279,EfficientNet-B0,73
4,172,0.7495674799348033,0.9941860465116279,EfficientNet-B0,73
5,171,0.8210781024910553,0.9064327485380117,EfficientNet-B0,73
6,172,0.8745767751405406,0.9941860465116279,EfficientNet-B0,73
7,172,0.8949852246184682,0.9767441860465116,EfficientNet-B0,73
8,172,0.9161360149466714,0.9941860465116279,EfficientNet-B0,73
9,172,0.9529452926890795,0.9593023255813954,EfficientNet-B0,73
0,172,0.6277709994898286,0.8197674418604651,MobileNetV3-Large,17
1,172,0.7090525152378304,0.9941860465116279,MobileNetV3-Large,17
2,172,0.7251749004042426,1.0,MobileNetV3-Large,17
3,172,0.745509477548821,0.9825581395348837,MobileNetV3-Large,17
4,172,0.7637877620236818,0.9941860465116279,MobileNetV3-Large,17
5,171,0.8208503203782421,0.9649122807017544,MobileNetV3-Large,17
6,172,0.8839900947587435,0.9883720930232558,MobileNetV3-Large,17
7,172,0.8967839905688929,0.9825581395348837,MobileNetV3-Large,17
8,172,0.911877610655718,0.9767441860465116,MobileNetV3-Large,17
9,172,0.9419847855041193,0.9767441860465116,MobileNetV3-Large,17
0,172,0.6196916962778846,0.8372093023255814,MobileNetV3-Large,42
1,172,0.700617297097694,1.0,MobileNetV3-Large,42
2,172,0.7179890801740247,1.0,MobileNetV3-Large,42
3,172,0.7403029255395712,0.9941860465116279,MobileNetV3-Large,42
4,172,0.7597597972598187,0.9883720930232558,MobileNetV3-Large,42
5,171,0.8045957196525663,0.9649122807017544,MobileNetV3-Large,42
6,172,0.8712684082430463,0.9941860465116279,MobileNetV3-Large,42
7,172,0.8908134816690932,0.9941860465116279,MobileNetV3-Large,42
8,172,0.9080307795557865,0.9534883720930233,MobileNetV3-Large,42
9,172,0.946439647050791,0.9767441860465116,MobileNetV3-Large,42
0,172,0.6319818690765736,0.872093023255814,MobileNetV3-Large,73
1,172,0.7019109570009764,0.9941860465116279,MobileNetV3-Large,73
2,172,0.7147632199664449,0.9941860465116279,MobileNetV3-Large,73
3,172,0.7278622288343518,0.9883720930232558,MobileNetV3-Large,73
4,172,0.7440565523020056,0.9883720930232558,MobileNetV3-Large,73
5,171,0.8111457263517101,0.9473684210526315,MobileNetV3-Large,73
6,172,0.8795241647681524,0.9825581395348837,MobileNetV3-Large,73
7,172,0.8978430181741714,0.9767441860465116,MobileNetV3-Large,73
8,172,0.9121714369502179,0.9825581395348837,MobileNetV3-Large,73
9,172,0.9402872438347617,0.9767441860465116,MobileNetV3-Large,73
0,172,0.6717721889185351,0.8953488372093024,MobileViT-S,17
1,172,0.7193816612626232,0.9941860465116279,MobileViT-S,17
2,172,0.7325768467298773,0.9941860465116279,MobileViT-S,17
3,172,0.7496920928012493,0.9883720930232558,MobileViT-S,17
4,172,0.7645235352737959,1.0,MobileViT-S,17
5,171,0.8368222323077464,0.9298245614035088,MobileViT-S,17
6,172,0.8859472635180451,0.9651162790697675,MobileViT-S,17
7,172,0.8968992271395617,0.9767441860465116,MobileViT-S,17
8,172,0.9087328491515891,0.9825581395348837,MobileViT-S,17
9,172,0.9380241462657618,0.9883720930232558,MobileViT-S,17
0,172,0.6424661557688269,0.8953488372093024,MobileViT-S,42
1,172,0.7071206171152203,0.9941860465116279,MobileViT-S,42
2,172,0.7212198747451916,1.0,MobileViT-S,42
3,172,0.7464625315610752,0.9883720930232558,MobileViT-S,42
4,172,0.7672634363867515,0.9883720930232558,MobileViT-S,42
5,171,0.8157386894811663,0.935672514619883,MobileViT-S,42
6,172,0.8772591151470361,0.9941860465116279,MobileViT-S,42
7,172,0.894346954864125,0.9767441860465116,MobileViT-S,42
8,172,0.9168098808027977,0.9825581395348837,MobileViT-S,42
9,172,0.9496773616519085,0.936046511627907,MobileViT-S,42
0,172,0.6745010101517965,0.9244186046511628,MobileViT-S,73
1,172,0.7163847930902658,1.0,MobileViT-S,73
2,172,0.7241956584675368,0.9941860465116279,MobileViT-S,73
3,172,0.7334960979777713,0.9941860465116279,MobileViT-S,73
4,172,0.749913907674856,1.0,MobileViT-S,73
5,171,0.8451856116802372,0.9473684210526315,MobileViT-S,73
6,172,0.8849702602209046,0.9767441860465116,MobileViT-S,73
7,172,0.8987162095862765,0.9825581395348837,MobileViT-S,73
8,172,0.9134452984083531,0.9651162790697675,MobileViT-S,73
9,172,0.9411147306131762,0.9302325581395349,MobileViT-S,73
0,172,0.6339367286756982,0.9186046511627907,ResNet50,17
1,172,0.7025177118390106,0.9883720930232558,ResNet50,17
2,172,0.718198882979016,0.9941860465116279,ResNet50,17
3,172,0.7388389872950177,0.9883720930232558,ResNet50,17
4,172,0.7570550386295762,0.9941860465116279,ResNet50,17
5,171,0.8175374509995443,0.9590643274853801,ResNet50,17
6,172,0.8820480063211086,0.9767441860465116,ResNet50,17
7,172,0.8980082758637362,0.9825581395348837,ResNet50,17
8,172,0.914226082175277,0.9534883720930233,ResNet50,17
9,172,0.9492440026166827,0.9709302325581395,ResNet50,17
0,172,0.6116052250009637,0.8662790697674418,ResNet50,42
1,172,0.7009102566990741,0.9767441860465116,ResNet50,42
2,172,0.7185512701439303,1.0,ResNet50,42
3,172,0.7325757634501124,0.9941860465116279,ResNet50,42
4,172,0.7503764542729355,0.9941860465116279,ResNet50,42
5,171,0.7880446848116422,0.9239766081871345,ResNet50,42
6,172,0.8640686030997786,0.9767441860465116,ResNet50,42
7,172,0.8932623890943305,0.9709302325581395,ResNet50,42
8,172,0.9144847996013109,1.0,ResNet50,42
9,172,0.9544142456941827,0.9651162790697675,ResNet50,42
0,172,0.6236976475216621,0.9127906976744186,ResNet50,73
1,172,0.6927938041991966,0.9941860465116279,ResNet50,73
2,172,0.7113059176955112,1.0,ResNet50,73
3,172,0.7374695438978284,0.9825581395348837,ResNet50,73
4,172,0.7585652591877206,0.9941860465116279,ResNet50,73
5,171,0.8176196304678219,0.935672514619883,ResNet50,73
6,172,0.8800449433714844,0.9825581395348837,ResNet50,73
7,172,0.8960374385811561,0.9883720930232558,ResNet50,73
8,172,0.9092109581065733,0.9825581395348837,ResNet50,73
9,172,0.9402444019567134,0.9651162790697675,ResNet50,73
0,172,0.6797549303534419,0.9186046511627907,Swin-Tiny,17
1,172,0.7059723540794017,0.9941860465116279,Swin-Tiny,17
2,172,0.7109470613474069,1.0,Swin-Tiny,17
3,172,0.7517947606569113,1.0,Swin-Tiny,17
4,172,0.7565658459829729,1.0,Swin-Tiny,17
5,171,0.8532264131551598,0.9005847953216374,Swin-Tiny,17
6,172,0.8913016863340555,0.9883720930232558,Swin-Tiny,17
7,172,0.8998629981002142,0.9767441860465116,Swin-Tiny,17
8,172,0.9102268239786458,0.9418604651162791,Swin-Tiny,17
9,172,0.939606749041136,0.9941860465116279,Swin-Tiny,17
0,172,0.634532801460388,0.8197674418604651,Swin-Tiny,42
1,172,0.729963596477065,0.9883720930232558,Swin-Tiny,42
2,172,0.7345654808504637,0.9941860465116279,Swin-Tiny,42
3,172,0.7383537015249563,1.0,Swin-Tiny,42
4,172,0.7427195366038832,1.0,Swin-Tiny,42
5,171,0.776246748472515,0.8713450292397661,Swin-Tiny,42
6,172,0.8647056807612263,0.9593023255813954,Swin-Tiny,42
7,172,0.8881121859994046,0.9825581395348837,Swin-Tiny,42
8,172,0.9082948042209759,0.9767441860465116,Swin-Tiny,42
9,172,0.9533721135799275,0.9709302325581395,Swin-Tiny,42
0,172,0.6832249306662138,0.9302325581395349,Swin-Tiny,73
1,172,0.7074493460876997,0.9941860465116279,Swin-Tiny,73
2,172,0.7117038306801818,0.9883720930232558,Swin-Tiny,73
3,172,0.7556861420703489,0.9941860465116279,Swin-Tiny,73
4,172,0.761984002451564,1.0,Swin-Tiny,73
5,171,0.8450215420527765,0.935672514619883,Swin-Tiny,73
6,172,0.8882656901381737,0.9825581395348837,Swin-Tiny,73
7,172,0.9010114326726558,0.9534883720930233,Swin-Tiny,73
8,172,0.9106518061355103,0.9709302325581395,Swin-Tiny,73
9,172,0.940708521147107,0.9709302325581395,Swin-Tiny,73
0,172,0.6788828677909319,0.936046511627907,ViT-Base/16,17
1,172,0.7011543831159902,1.0,ViT-Base/16,17
2,172,0.7073292070349981,0.9941860465116279,ViT-Base/16,17
3,172,0.7472836357909579,0.9941860465116279,ViT-Base/16,17
4,172,0.7539559443329655,0.9941860465116279,ViT-Base/16,17
5,171,0.8464451219603332,0.9181286549707602,ViT-Base/16,17
6,172,0.886177001997482,0.9767441860465116,ViT-Base/16,17
7,172,0.8962585004263146,0.9825581395348837,ViT-Base/16,17
8,172,0.9073412141134573,0.9534883720930233,ViT-Base/16,17
9,172,0.9371012515106867,0.9709302325581395,ViT-Base/16,17
0,172,0.648291559413422,0.8604651162790697,ViT-Base/16,42
1,172,0.7007439361755238,1.0,ViT-Base/16,42
2,172,0.7058819539325182,0.9883720930232558,ViT-Base/16,42
3,172,0.7406556848869768,0.9941860465116279,ViT-Base/16,42
4,172,0.7554092036430226,0.9941860465116279,ViT-Base/16,42
5,171,0.826603795352735,0.9064327485380117,ViT-Base/16,42
6,172,0.8843408944301827,0.9709302325581395,ViT-Base/16,42
7,172,0.8968698507131532,0.9941860465116279,ViT-Base/16,42
8,172,0.9050991053498069,0.9825581395348837,ViT-Base/16,42
9,172,0.9358665724826414,1.0,ViT-Base/16,42
0,172,0.6560313961533613,0.8662790697674418,ViT-Base/16,73
1,172,0.7071370638387148,1.0,ViT-Base/16,73
2,172,0.712424019394919,0.9883720930232558,ViT-Base/16,73
3,172,0.7284886386505393,0.9883720930232558,ViT-Base/16,73
4,172,0.7421475364718326,0.9941860465116279,ViT-Base/16,73
5,171,0.8284153736125656,0.9064327485380117,ViT-Base/16,73
6,172,0.883954394348832,0.9709302325581395,ViT-Base/16,73
7,172,0.8959692616102307,0.9651162790697675,ViT-Base/16,73
8,172,0.9056115354909453,0.9767441860465116,ViT-Base/16,73
9,172,0.935686701952025,0.9883720930232558,ViT-Base/16,73
