architecture,bin,n_mean,mean_confidence,observed_accuracy
EfficientNet-B0,0,172.0,0.6223335007942,0.8992248062015503
EfficientNet-B0,1,172.0,0.6947411242150521,0.9844961240310077
EfficientNet-B0,2,172.0,0.7146939522074174,0.9864341085271318
EfficientNet-B0,3,172.0,0.7336604146994361,0.9903100775193798
EfficientNet-B0,4,172.0,0.755615972502287,0.9883720930232558
EfficientNet-B0,5,171.0,0.8160513348979094,0.9512670565302144
EfficientNet-B0,6,172.0,0.8713786937007608,0.9883720930232558
EfficientNet-B0,7,172.0,0.8929068347973418,0.9806201550387597
EfficientNet-B0,8,172.0,0.9156681448221207,0.9709302325581395
EfficientNet-B0,9,172.0,0.9531384694945905,0.9748062015503876
MobileNetV3-Large,0,172.0,0.6264815216147622,0.8430232558139535
MobileNetV3-Large,1,172.0,0.7038602564455002,0.9961240310077519
MobileNetV3-Large,2,172.0,0.7193090668482375,0.998062015503876
MobileNetV3-Large,3,172.0,0.737891543974248,0.9883720930232558
MobileNetV3-Large,4,172.0,0.7558680371951687,0.9903100775193798
MobileNetV3-Large,5,171.0,0.8121972554608394,0.9590643274853802
MobileNetV3-Large,6,172.0,0.8782608892566474,0.9883720930232558
MobileNetV3-Large,7,172.0,0.8951468301373859,0.9844961240310077
MobileNetV3-Large,8,172.0,0.9106932757205741,0.9709302325581395
MobileNetV3-Large,9,172.0,0.9429038921298907,0.9767441860465116
MobileViT-S,0,172.0,0.6629131182797195,0.9050387596899224
MobileViT-S,1,172.0,0.7142956904893697,0.9961240310077519
MobileViT-S,2,172.0,0.7259974599808685,0.9961240310077519
MobileViT-S,3,172.0,0.7432169074466985,0.9903100775193798
MobileViT-S,4,172.0,0.7605669597784678,0.9961240310077519
MobileViT-S,5,171.0,0.83258217782305,0.9376218323586745
MobileViT-S,6,172.0,0.8827255462953286,0.9786821705426356
MobileViT-S,7,172.0,0.8966541305299877,0.9786821705426356
MobileViT-S,8,172.0,0.9129960094542465,0.9767441860465116
MobileViT-S,9,172.0,0.9429387461769488,0.9515503875968992
ResNet50,0,172.0,0.623079867066108,0.8992248062015503
ResNet50,1,172.0,0.698740590912427,0.9864341085271318
ResNet50,2,172.0,0.7160186902728191,0.998062015503876
ResNet50,3,172.0,0.7362947648809861,0.9883720930232558
ResNet50,4,172.0,0.755332250696744,0.9941860465116279
ResNet50,5,171.0,0.8077339220930028,0.9395711500974658
ResNet50,6,172.0,0.8753871842641239,0.9786821705426356
ResNet50,7,172.0,0.8957693678464076,0.9806201550387597
ResNet50,8,172.0,0.9126406132943871,0.9786821705426356
ResNet50,9,172.0,0.947967550089193,0.9670542635658915
Swin-Tiny,0,172.0,0.6658375541600146,0.8895348837209301
Swin-Tiny,1,172.0,0.7144617655480555,0.9922480620155039
Swin-Tiny,2,172.0,0.7190721242926842,0.9941860465116279
Swin-Tiny,3,172.0,0.7486115347507388,0.998062015503876
Swin-Tiny,4,172.0,0.7537564616794734,1.0
Swin-Tiny,5,171.0,0.8248315678934838,0.9025341130604287
Swin-Tiny,6,172.0,0.8814243524111518,0.9767441860465116
Swin-Tiny,7,172.0,0.8963288722574249,0.9709302325581395
Swin-Tiny,8,172.0,0.9097244781117108,0.9631782945736433
Swin-Tiny,9,172.0,0.9445624612560568,0.9786821705426356
ViT-Base/16,0,172.0,0.661068607785905,0.8875968992248061
ViT-Base/16,1,172.0,0.703011794376743,1.0
ViT-Base/16,2,172.0,0.7085450601208118,0.9903100775193798
ViT-Base/16,3,172.0,0.7388093197761579,0.9922480620155039
ViT-Base/16,4,172.0,0.7505042281492735,0.9941860465116279
ViT-Base/16,5,171.0,0.8338214303085446,0.9103313840155945
ViT-Base/16,6,172.0,0.8848240969254989,0.9728682170542635
ViT-Base/16,7,172.0,0.8963658709165662,0.9806201550387597
ViT-Base/16,8,172.0,0.9060172849847365,0.9709302325581395
ViT-Base/16,9,172.0,0.9362181753151176,0.9864341085271318
