class_name,support,universally_correct_images,universally_correct_proportion,universally_wrong_images,universally_wrong_proportion,mean_correct_runs_out_of_18,median_correct_runs_out_of_18
fall_armyworm,42,40,0.9523809523809523,1,0.023809523809523808,17.523809523809526,18.0
grasshopper,100,94,0.94,1,0.01,17.72,18.0
healthy,386,364,0.9430051813471503,0,0.0,17.66321243523316,18.0
leaf_beetle,139,127,0.9136690647482014,0,0.0,17.654676258992804,18.0
leaf_blight,117,86,0.7350427350427351,1,0.008547008547008548,16.914529914529915,18.0
leaf_spot,153,95,0.6209150326797386,3,0.0196078431372549,15.411764705882353,18.0
lethal_necrosis,484,477,0.9855371900826446,0,0.0,17.979338842975206,18.0
rust,161,157,0.9751552795031055,1,0.006211180124223602,17.84472049689441,18.0
streak_virus,137,114,0.8321167883211679,2,0.014598540145985401,16.875912408759124,18.0
